id,chr,start,end,ref,alt,driver,data_source
mut0,3,101578254,101578255,CAGTT,C,1,ICGC
mut1,3,101578285,101578286,GACCATTTGCCTT,G,1,ICGC
mut2,3,101578250,101578251,CTG,C,1,ICGC
mut3,17,48940015,48940016,CTAAAT,C,1,ICGC
mut4,17,48939986,48939987,AT,A,1,ICGC
mut5,17,48939977,48939978,AAT,A,1,ICGC
mut6,17,48940335,48940334,C,CT,1,ICGC
mut7,17,48939994,48939994,T,G,1,ICGC
mut8,17,48940021,48940021,T,G,1,ICGC
mut9,17,48940008,48940008,C,T,1,ICGC
mut10,17,48940278,48940278,G,A,1,ICGC
mut11,17,8076894,8076894,C,T,1,ICGC
mut12,17,8076887,8076887,G,A,1,ICGC
mut13,17,8076895,8076895,C,T,1,ICGC
mut14,17,8076849,8076849,T,C,1,ICGC
mut15,17,8078228,8078228,G,A,1,ICGC
mut16,14,38060229,38060230,TC,T,1,ICGC
mut17,14,38060017,38060018,GTTTATGTCTTGCTATAT,G,1,ICGC
mut18,14,38059225,38059226,GCA,G,1,ICGC
mut19,14,38059425,38059424,T,TAATA,1,ICGC
mut20,14,38060342,38060341,T,TGGTTTG,1,ICGC
mut21,14,38060441,38060442,GA,G,1,ICGC
mut22,14,38059231,38059230,T,TG,1,ICGC
mut23,14,38060496,38060497,GT,G,1,ICGC
mut24,14,38059583,38059583,T,C,1,ICGC
mut25,9,139390152,139390152,T,C,1,ICGC
mut26,6,152024472,152024472,C,G,1,ICGC
mut27,7,86866383,86866383,TT,GC,1,ICGC
mut28,7,86866359,86866359,T,A,1,ICGC
mut29,7,86866362,86866362,T,C,1,ICGC
mut30,7,86866390,86866390,T,G,1,ICGC
mut31,7,86866395,86866395,A,G,1,ICGC
mut32,7,86866371,86866371,C,T,1,ICGC
mut33,7,86866383,86866383,T,G,1,ICGC
mut34,7,86866370,86866370,T,C,1,ICGC
mut35,7,86866382,86866382,T,G,1,ICGC
mut36,7,86866372,86866372,T,C,1,ICGC
mut37,7,86866372,86866372,T,G,1,ICGC
mut38,20,60758099,60758100,TG,T,1,ICGC
mut39,20,60758100,60758100,G,A,1,ICGC
mut40,8,97274001,97274000,T,TTGGAGTCTG,1,ICGC
mut41,8,97274000,97274000,T,C,1,ICGC
mut42,8,97273988,97273988,A,C,1,ICGC
mut43,8,97274202,97274202,C,T,1,ICGC
mut44,8,97274009,97274009,G,A,1,ICGC
mut45,8,97273988,97273988,A,G,1,ICGC
mut46,12,121842722,121842722,A,G,1,ICGC
mut47,12,121842740,121842740,A,T,1,ICGC
mut48,12,121842742,121842742,A,T,1,ICGC
mut49,12,121842742,121842742,A,C,1,ICGC
mut50,12,121842730,121842730,A,C,1,ICGC
mut51,12,121842675,121842675,A,C,1,ICGC
mut52,12,121842708,121842708,G,T,1,ICGC
mut53,14,20811285,20811284,T,TCA,1,ICGC
mut54,14,20811302,20811302,T,C,1,ICGC
mut55,14,20811398,20811398,G,T,1,ICGC
mut56,14,20811300,20811300,A,G,1,ICGC
mut57,14,20811419,20811419,C,G,1,ICGC
mut58,14,20811342,20811342,G,A,1,ICGC
mut59,9,35657809,35657808,C,CT,1,ICGC
mut60,9,35657926,35657927,GC,G,1,ICGC
mut61,9,35657769,35657769,C,G,1,ICGC
mut62,9,35657881,35657881,T,C,1,ICGC
mut63,9,35657783,35657783,G,A,1,ICGC
mut64,9,35657839,35657839,C,A,1,ICGC
mut65,17,56408620,56408620,AA,TG,1,ICGC
mut66,17,56408612,56408612,A,T,1,ICGC
mut67,17,56408597,56408597,G,A,1,ICGC
mut68,17,56408647,56408647,A,C,1,ICGC
mut69,17,56408624,56408624,C,T,1,ICGC
mut70,17,56408616,56408616,A,C,1,ICGC
mut71,17,56408630,56408630,C,T,1,ICGC
mut72,17,56408638,56408638,G,A,1,ICGC
mut73,17,56408624,56408624,C,G,1,ICGC
mut74,17,56408639,56408639,C,T,1,ICGC
mut75,17,56408639,56408639,C,G,1,ICGC
mut76,17,56408620,56408620,A,G,1,ICGC
mut77,17,56408656,56408656,T,A,1,ICGC
mut78,4,775698,775699,GTCGGCCCACCTAGCATGCGC,G,1,ICGC
mut79,4,775701,775702,GGCCCACCTAGCAT,G,1,ICGC
mut80,4,775710,775710,A,G,1,ICGC
mut81,4,775698,775698,G,A,1,ICGC
mut82,4,775657,775657,T,A,1,ICGC
mut83,9,35658032,35658031,C,CAGA,1,ICGC
mut84,9,35658037,35658037,A,G,1,ICGC
mut85,9,35658040,35658040,A,G,1,ICGC
mut86,9,35658033,35658033,G,A,1,ICGC
mut87,9,35658043,35658043,T,G,1,ICGC
mut88,9,35658042,35658042,T,A,1,ICGC
mut89,9,35658067,35658067,T,G,1,ICGC
mut90,9,35658044,35658044,T,A,1,ICGC
mut91,9,35658042,35658042,T,G,1,ICGC
mut92,9,35658041,35658041,T,A,1,ICGC
mut93,9,35658017,35658017,C,A,1,ICGC
mut94,9,35658063,35658063,T,C,1,ICGC
mut95,6,52442145,52442145,G,A,1,ICGC
mut96,X,20156742,20156742,T,C,1,ICGC
mut97,2,96920736,96920736,C,T,1,ICGC
mut98,13,73345932,73345932,C,A,1,ICGC
mut99,13,73355495,73355495,C,T,1,ICGC
mut100,12,49428261,49428261,T,C,1,ICGC
mut101,12,49435699,49435699,C,T,1,ICGC
mut102,12,49433142,49433142,C,T,1,ICGC
mut103,12,49447924,49447924,C,T,1,ICGC
mut104,12,49427848,49427848,A,T,1,ICGC
mut105,12,49437145,49437145,C,A,1,ICGC
mut106,12,49421585,49421585,C,T,1,ICGC
mut107,16,68846034,68846035,GCAGAGTTTCC,G,1,ICGC
mut108,17,15968797,15968797,A,G,1,ICGC
mut109,X,76909691,76909691,C,T,1,ICGC
mut110,10,8111432,8111433,TCA,T,1,ICGC
mut111,2,212426814,212426814,C,T,1,ICGC
mut112,3,33630224,33630224,C,T,1,ICGC
mut113,3,52436691,52436691,C,A,1,ICGC
mut114,5,67590975,67590975,G,A,1,ICGC
mut115,5,67589535,67589535,A,G,1,ICGC
mut116,5,67591246,67591246,A,G,1,ICGC
mut117,1,115279377,115279377,A,C,1,ICGC
mut118,17,11984670,11984671,CAG,C,1,ICGC
mut119,14,21860106,21860106,C,A,1,ICGC
mut120,12,52370360,52370360,G,A,1,ICGC
mut121,5,131825083,131825083,C,T,1,ICGC
mut122,16,89836433,89836433,C,A,1,ICGC
mut123,5,112440053,112440053,C,A,1,ICGC
mut124,1,16477460,16477460,T,C,1,ICGC
mut125,1,193111198,193111198,T,C,1,ICGC
mut126,18,20573683,20573683,G,C,1,ICGC
mut127,11,71942541,71942541,G,T,1,ICGC
mut128,10,3827104,3827104,C,T,1,ICGC
mut129,4,153252021,153252021,C,T,1,ICGC
mut130,3,176755883,176755884,TACCTTTAAAGTCATGTCGTCAGAA,T,1,ICGC
mut131,3,176755882,176755883,TTAC,T,1,ICGC
mut132,3,176755884,176755884,A,T,1,ICGC
mut133,6,33289345,33289345,C,T,1,ICGC
mut134,7,151876918,151876918,C,T,1,ICGC
mut135,4,74277844,74277844,T,A,1,ICGC
mut136,4,74280750,74280751,AG,A,1,ICGC
mut137,4,74283804,74283804,G,T,1,ICGC
mut138,19,1222006,1222006,G,C,1,ICGC
mut139,10,89717609,89717609,G,A,1,ICGC
mut140,10,89725042,89725042,A,G,1,ICGC
mut141,10,89711874,89711874,G,A,1,ICGC
mut142,10,89653868,89653868,T,C,1,ICGC
mut143,10,89711873,89711873,A,T,1,ICGC
mut144,10,89711873,89711873,A,G,1,ICGC
mut145,10,89692754,89692755,TATCTTTTTACCACAGTTGCACA,T,1,ICGC
mut146,22,29099555,29099555,C,G,1,ICGC
mut147,2,44187678,44187678,A,C,1,ICGC
mut148,6,75977355,75977355,A,C,1,ICGC
mut149,6,75977355,75977355,A,T,1,ICGC
mut150,X,47041266,47041266,G,A,1,ICGC
mut151,19,10870489,10870489,T,C,1,ICGC
mut152,8,30954367,30954367,G,C,1,ICGC
mut153,13,32893463,32893463,G,T,1,ICGC
mut154,13,32954142,32954142,A,T,1,ICGC
mut155,17,56440768,56440768,C,A,1,ICGC
mut156,17,56440011,56440011,T,C,1,ICGC
mut157,19,11105679,11105679,T,C,1,ICGC
mut158,1,78414986,78414986,C,T,1,ICGC
mut159,15,45003812,45003812,G,A,1,ICGC
mut160,3,52649474,52649474,T,A,1,ICGC
mut161,3,52598065,52598065,C,A,1,ICGC
mut162,3,52702662,52702662,C,T,1,ICGC
mut163,3,52610716,52610716,T,A,1,ICGC
mut164,5,86642488,86642488,G,C,1,ICGC
mut165,6,35420571,35420571,G,A,1,ICGC
mut166,11,64573703,64573703,C,G,1,ICGC
mut167,11,64573243,64573243,C,T,1,ICGC
mut168,11,64575359,64575360,ATAC,A,1,ICGC
mut169,11,64574482,64574482,C,A,1,ICGC
mut170,20,31022233,31022233,A,G,1,ICGC
mut171,16,3799627,3799627,C,T,1,ICGC
mut172,16,3817719,3817719,A,C,1,ICGC
mut173,16,3828699,3828699,A,G,1,ICGC
mut174,22,41568668,41568668,G,A,1,ICGC
mut175,1,36209132,36209132,C,T,1,ICGC
mut176,3,30713129,30713129,G,A,1,ICGC
mut177,5,65372237,65372237,G,A,1,ICGC
mut178,10,63661917,63661917,G,C,1,ICGC
mut179,3,47142946,47142946,A,C,1,ICGC
mut180,3,47087975,47087975,A,C,1,ICGC
mut181,3,47147485,47147485,A,C,1,ICGC
mut182,13,49037866,49037866,G,C,1,ICGC
mut183,13,49047486,49047487,AACTTGACAGAATCTTAGTATCAATTGG,A,1,ICGC
mut184,13,48916734,48916734,G,A,1,ICGC
mut185,13,48951053,48951053,G,A,1,ICGC
mut186,13,48942662,48942662,G,C,1,ICGC
mut187,13,48934151,48934151,A,T,1,ICGC
mut188,13,48955382,48955382,G,C,1,ICGC
mut189,9,21971209,21971209,T,C,1,ICGC
mut190,9,21971208,21971208,C,T,1,ICGC
mut191,9,21968242,21968242,C,T,1,ICGC
mut192,9,21994136,21994136,A,G,1,ICGC
mut193,2,225343063,225343063,C,T,1,ICGC
mut194,1,27056141,27056141,G,T,1,ICGC
mut195,1,27101712,27101712,G,A,1,ICGC
mut196,1,27099124,27099124,G,A,1,ICGC
mut197,1,27100070,27100070,G,A,1,ICGC
mut198,22,24176327,24176327,G,A,1,ICGC
mut199,7,2119331,2119331,A,G,1,ICGC
mut200,9,135797361,135797361,C,T,1,ICGC
mut201,14,52445990,52445990,A,T,1,ICGC
mut202,14,52418603,52418603,A,T,1,ICGC
mut203,18,48593387,48593387,A,T,1,ICGC
mut204,18,48575231,48575231,G,A,1,ICGC
mut205,18,48593559,48593559,T,A,1,ICGC
mut206,18,48586227,48586228,TTTCTTTA,T,1,ICGC
mut207,9,139396367,139396367,T,C,1,ICGC
mut208,9,139393712,139393712,C,T,1,ICGC
mut209,17,29592246,29592246,G,C,1,ICGC
mut210,17,29557277,29557277,G,T,1,ICGC
mut211,17,29670154,29670154,G,A,1,ICGC
mut212,17,29508727,29508727,G,A,1,ICGC
mut213,17,29588876,29588876,G,C,1,ICGC
mut214,17,29685497,29685497,G,A,1,ICGC
mut215,12,46243362,46243362,G,A,1,ICGC
mut216,12,46231102,46231102,A,C,1,ICGC
mut217,12,46124999,46124999,G,A,1,ICGC
mut218,12,46243361,46243361,A,G,1,ICGC
mut219,3,10191470,10191470,G,C,1,ICGC
mut220,3,10191461,10191462,GCCCTTCCAGTGT,G,1,ICGC
mut221,3,10191463,10191464,CCTTCCAGTGTAT,C,1,ICGC
mut222,3,10188196,10188196,A,C,1,ICGC
mut223,3,10188321,10188321,G,A,1,ICGC
mut224,3,10183872,10183872,G,T,1,ICGC
mut225,16,50821764,50821764,G,T,1,ICGC
mut226,8,90960051,90960051,C,T,1,ICGC
mut227,8,90958524,90958524,C,T,1,ICGC
mut228,1,120466609,120466609,T,G,1,ICGC
mut229,6,138192661,138192661,T,G,1,ICGC
mut230,17,7217398,7217398,C,T,1,ICGC
mut231,19,45284141,45284142,AGTCCTTGCCCATCCCCACAGGCGACAGCTGGCCAAGCT,A,1,ICGC
mut232,16,339608,339608,C,T,1,ICGC
mut233,11,108163345,108163345,G,C,1,ICGC
mut234,11,108123641,108123641,T,A,1,ICGC
mut235,11,108199747,108199747,G,T,1,ICGC
mut236,11,108099903,108099903,A,C,1,ICGC
mut237,11,108141874,108141874,G,A,1,ICGC
mut238,11,108190668,108190669,ACTTATCTCACAG,A,1,ICGC
mut239,11,108165652,108165652,A,T,1,ICGC
mut240,X,133527984,133527984,T,C,1,ICGC
mut241,X,133527665,133527665,G,A,1,ICGC
mut242,13,103515454,103515454,G,C,1,ICGC
mut243,13,103506106,103506106,G,T,1,ICGC
mut244,1,2492155,2492155,T,A,1,ICGC
mut245,1,2489274,2489274,G,A,1,ICGC
mut246,10,35318570,35318570,T,G,1,ICGC
mut247,7,148506248,148506248,C,T,1,ICGC
mut248,7,6018328,6018328,C,A,1,ICGC
mut249,12,99042403,99042403,G,A,1,ICGC
mut250,21,35093482,35093482,G,A,1,ICGC
mut251,16,50362656,50362656,C,G,1,ICGC
mut252,16,50383932,50383933,AC,A,1,ICGC
mut253,2,148654079,148654079,T,G,1,ICGC
mut254,18,50848528,50848528,G,A,1,ICGC
mut255,2,48040518,48040518,T,C,1,ICGC
mut256,2,48035568,48035568,T,C,1,ICGC
mut257,X,41203383,41203383,T,G,1,ICGC
mut258,X,41196720,41196720,T,C,1,ICGC
mut259,X,41206564,41206564,G,A,1,ICGC
mut260,16,2126068,2126068,G,A,1,ICGC
mut261,X,44966653,44966653,A,T,1,ICGC
mut262,X,44969323,44969323,G,A,1,ICGC
mut263,17,7576852,7576852,C,T,1,ICGC
mut264,17,7574034,7574034,C,G,1,ICGC
mut265,17,7579310,7579311,AC,A,1,ICGC
mut266,17,7578176,7578176,C,A,1,ICGC
mut267,17,7578555,7578555,C,T,1,ICGC
mut268,17,7578370,7578370,C,A,1,ICGC
mut269,17,7577017,7577017,AC,TA,1,ICGC
mut270,17,7577610,7577610,T,C,1,ICGC
mut271,17,7574035,7574035,T,A,1,ICGC
mut272,17,7576928,7576928,T,C,1,ICGC
mut273,17,7578555,7578555,C,A,1,ICGC
mut274,17,7577609,7577609,C,A,1,ICGC
mut275,17,7578556,7578556,T,C,1,ICGC
mut276,17,7579699,7579699,C,A,1,ICGC
mut277,17,7576852,7576852,C,A,1,ICGC
mut278,17,7578290,7578290,C,T,1,ICGC
mut279,17,7578370,7578370,C,T,1,ICGC
mut280,17,7578175,7578175,A,G,1,ICGC
mut281,17,7576927,7576927,C,G,1,ICGC
mut282,17,7577156,7577156,C,A,1,ICGC
mut283,17,7578556,7578556,T,G,1,ICGC
mut284,17,7574035,7574035,T,G,1,ICGC
mut285,17,7577157,7577157,T,C,1,ICGC
mut286,17,7576927,7576927,C,A,1,ICGC
mut287,17,7578291,7578291,T,G,1,ICGC
mut288,17,7576851,7576851,A,G,1,ICGC
mut289,17,7579592,7579592,T,A,1,ICGC
mut290,17,7577018,7577018,C,T,1,ICGC
mut291,2,55201901,55201901,C,A,1,ICGC
mut292,X,15827321,15827321,A,G,1,ICGC
mut293,5,1295242,1295242,GG,AA,1,ICGC
mut294,5,1295228,1295228,GG,AA,1,ICGC
mut295,5,1295228,1295228,G,A,1,ICGC
mut296,5,1295161,1295161,T,G,1,ICGC
mut297,5,1295205,1295205,G,A,1,ICGC
mut298,5,1295242,1295242,G,A,1,ICGC
mut299,5,1295247,1295247,C,T,1,ICGC
mut300,5,1295283,1295283,G,A,1,ICGC
mut301,5,1295305,1295305,G,A,1,ICGC
mut302,5,1295143,1295143,G,A,1,ICGC
mut303,5,1295359,1295359,C,G,1,ICGC
mut304,5,1295250,1295250,G,A,1,ICGC
mut305,5,1295133,1295133,C,T,1,ICGC
mut306,16,22308678,22308678,G,C,1,ICGC
mut307,16,22308938,22308938,A,G,1,ICGC
mut308,16,22308582,22308582,C,G,1,ICGC
mut309,16,22308593,22308593,G,A,1,ICGC
mut310,16,22308693,22308693,G,C,1,ICGC
mut311,14,38064406,38064406,G,A,1,ICGC
mut312,3,16554861,16554861,CC,TT,1,ICGC
mut313,3,16554628,16554629,GCCTGCAGAGCCTACGACCCC,G,1,ICGC
mut314,3,16555353,16555353,G,A,1,ICGC
mut315,3,16555353,16555353,G,C,1,ICGC
mut316,3,16555405,16555405,C,T,1,ICGC
mut317,3,16555405,16555405,C,A,1,ICGC
mut318,3,16555404,16555404,G,C,1,ICGC
mut319,3,16554601,16554601,C,T,1,ICGC
mut320,3,16554601,16554601,C,A,1,ICGC
mut321,3,16555037,16555037,G,A,1,ICGC
mut322,3,16555291,16555291,T,A,1,ICGC
mut323,3,16554440,16554440,G,A,1,ICGC
mut324,3,16555275,16555275,G,A,1,ICGC
mut325,3,16555144,16555144,G,A,1,ICGC
mut326,3,16554316,16554316,G,T,1,ICGC
mut327,3,16554713,16554713,C,A,1,ICGC
mut328,3,16554758,16554758,G,C,1,ICGC
mut329,3,16554696,16554696,C,T,1,ICGC
mut330,3,16554782,16554782,C,T,1,ICGC
mut331,3,16555096,16555096,G,A,1,ICGC
mut332,3,16555483,16555483,G,A,1,ICGC
mut333,3,193853880,193853880,A,C,1,ICGC
mut334,3,193853974,193853974,C,T,1,ICGC
mut335,3,193853972,193853972,A,C,1,ICGC
mut336,3,193853972,193853972,A,G,1,ICGC
mut337,17,7590688,7590689,AGCTT,A,1,ICGC
mut338,17,7590692,7590692,T,A,1,ICGC
mut339,17,7590692,7590693,TACCCAATCCAGGGAAGCGTGTCACCGTCGTGGAAAGCACGCTCCCAGCCCGAA,T,1,ICGC
mut340,17,7590694,7590694,C,A,1,ICGC
mut341,17,7590735,7590736,CCCAGCCCGAACGCAAAGTGTCCCCGGAGCCCAGCAGCTACCTGCT,C,1,ICGC
mut342,17,7590819,7590820,CTT,C,1,ICGC
mut343,17,7590844,7590845,GGGAGGGGAAAACCCCAA,G,1,ICGC
mut344,17,7590844,7590845,GGGAGGGGAAAACCCCAATCCCATCAACCCCT,G,1,ICGC
mut345,3,101578252,101578252,G,T,1,TCGA
mut346,17,48939914,48939915,AGCT,A,1,TCGA
mut347,17,48940216,48940217,AT,A,1,TCGA
mut348,17,48939626,48939627,AT,A,1,TCGA
mut349,17,48939658,48939658,C,T,1,TCGA
mut350,17,48939737,48939737,T,C,1,TCGA
mut351,17,48939951,48939951,T,A,1,TCGA
mut352,17,48939961,48939961,A,G,1,TCGA
mut353,17,48940258,48940258,A,C,1,TCGA
mut354,7,86866384,86866384,T,C,1,TCGA
mut355,7,86866372,86866372,T,A,1,TCGA
mut356,1,212208990,212208990,G,C,1,TCGA
mut357,1,212209100,212209100,G,T,1,TCGA
mut358,1,212209066,212209066,G,C,1,TCGA
mut359,12,121842741,121842741,A,C,1,TCGA
mut360,14,20811452,20811452,G,T,1,TCGA
mut361,14,20811243,20811243,G,C,1,TCGA
mut362,14,20811336,20811336,G,T,1,TCGA
mut363,9,35658015,35658014,C,CCACGT,1,TCGA
mut364,9,35657958,35657959,AAGGGG,A,1,TCGA
mut365,9,35657962,35657963,GGAGGA,G,1,TCGA
mut366,9,35657999,35657999,G,A,1,TCGA
mut367,9,35657783,35657783,G,T,1,TCGA
mut368,17,56408621,56408621,A,G,1,TCGA
mut369,17,56408645,56408645,G,A,1,TCGA
mut370,4,775710,775711,AG,A,1,TCGA
mut371,4,775705,775705,C,T,1,TCGA
mut372,4,775669,775669,C,T,1,TCGA
mut373,9,35658053,35658052,T,TAAA,1,TCGA
mut374,9,35658061,35658060,T,TTA,1,TCGA
mut375,9,35658037,35658037,A,T,1,TCGA
mut376,9,35658043,35658043,T,C,1,TCGA
mut377,9,35658041,35658041,T,G,1,TCGA
mut378,9,35658044,35658044,T,C,1,TCGA
mut379,9,35658069,35658069,A,C,1,TCGA
mut380,9,35658079,35658079,T,C,1,TCGA
mut381,9,35658058,35658058,A,C,1,TCGA
mut382,9,35658032,35658032,A,T,1,TCGA
mut383,6,52442035,52442035,G,T,1,TCGA
mut384,17,41223256,41223256,C,T,1,TCGA
mut385,17,41215391,41215391,C,T,1,TCGA
mut386,16,67645518,67645518,T,C,1,TCGA
mut387,17,44144914,44144914,C,A,1,TCGA
mut388,11,44193160,44193160,G,A,1,TCGA
mut389,16,68856129,68856129,G,A,1,TCGA
mut390,18,45374845,45374845,C,T,1,TCGA
mut391,X,76845302,76845302,A,G,1,TCGA
mut392,X,76814318,76814318,C,T,1,TCGA
mut393,3,33661093,33661093,A,T,1,TCGA
mut394,3,52441334,52441334,T,A,1,TCGA
mut395,5,67591246,67591246,A,T,1,TCGA
mut396,17,12028689,12028689,G,C,1,TCGA
mut397,17,11984671,11984671,A,G,1,TCGA
mut398,12,115114116,115114116,A,G,1,TCGA
mut399,4,153271193,153271193,C,T,1,TCGA
mut400,4,153251882,153251882,A,G,1,TCGA
mut401,22,30000103,30000103,T,G,1,TCGA
mut402,22,30032736,30032737,GCAGATGA,G,1,TCGA
mut403,14,95596530,95596530,C,T,1,TCGA
mut404,4,74275205,74275205,G,A,1,TCGA
mut405,19,1221947,1221947,GG,CT,1,TCGA
mut406,19,1220370,1220370,A,C,1,TCGA
mut407,19,1222006,1222006,G,A,1,TCGA
mut408,19,1221211,1221211,G,T,1,TCGA
mut409,10,89720650,89720650,G,A,1,TCGA
mut410,10,89712017,89712017,G,A,1,TCGA
mut411,22,29099491,29099491,A,C,1,TCGA
mut412,19,10906047,10906047,G,C,1,TCGA
mut413,13,32932067,32932067,G,A,1,TCGA
mut414,10,88681453,88681453,G,A,1,TCGA
mut415,19,11136097,11136097,G,T,1,TCGA
mut416,11,47259387,47259387,G,A,1,TCGA
mut417,2,203383543,203383543,A,G,1,TCGA
mut418,3,52692333,52692333,T,C,1,TCGA
mut419,3,52610715,52610715,C,G,1,TCGA
mut420,3,52682459,52682459,C,T,1,TCGA
mut421,5,86679528,86679528,A,G,1,TCGA
mut422,16,3788558,3788558,A,C,1,TCGA
mut423,22,41526008,41526009,GTAAGTGATGAAATCTTTTGAAGGTTTATA,G,1,TCGA
mut424,13,48954379,48954379,T,G,1,TCGA
mut425,13,48916852,48916852,T,G,1,TCGA
mut426,13,48953786,48953787,AGTAAGTTAAAAACAATATAAAAAAATTTCAGCC,A,1,TCGA
mut427,13,48953728,48953728,A,G,1,TCGA
mut428,9,21968243,21968243,T,C,1,TCGA
mut429,2,225365205,225365205,C,A,1,TCGA
mut430,5,80040324,80040324,G,T,1,TCGA
mut431,10,70508892,70508892,GC,TT,1,TCGA
mut432,16,78149053,78149053,T,C,1,TCGA
mut433,9,135778175,135778175,C,G,1,TCGA
mut434,9,135802692,135802692,C,A,1,TCGA
mut435,4,185339369,185339369,T,A,1,TCGA
mut436,18,48586288,48586288,T,C,1,TCGA
mut437,9,139409854,139409854,T,C,1,TCGA
mut438,17,29657518,29657518,T,A,1,TCGA
mut439,17,29541604,29541604,G,T,1,TCGA
mut440,17,29663350,29663350,G,T,1,TCGA
mut441,17,29665158,29665158,G,A,1,TCGA
mut442,3,142253921,142253921,C,A,1,TCGA
mut443,12,46124998,46124998,A,G,1,TCGA
mut444,3,10188321,10188322,GT,G,1,TCGA
mut445,3,10188196,10188196,A,T,1,TCGA
mut446,5,112162945,112162945,G,A,1,TCGA
mut447,5,112155042,112155042,G,A,1,TCGA
mut448,5,112128142,112128142,G,T,1,TCGA
mut449,2,202050848,202050848,G,A,1,TCGA
mut450,11,48177352,48177352,G,C,1,TCGA
mut451,11,48185171,48185171,G,T,1,TCGA
mut452,4,187584769,187584769,T,C,1,TCGA
mut453,4,187557390,187557390,C,G,1,TCGA
mut454,15,42005695,42005695,G,A,1,TCGA
mut455,16,347721,347721,C,T,1,TCGA
mut456,16,339439,339439,C,T,1,TCGA
mut457,16,396146,396146,A,T,1,TCGA
mut458,16,360070,360070,C,A,1,TCGA
mut459,11,108158326,108158326,G,T,1,TCGA
mut460,X,41204802,41204802,G,T,1,TCGA
mut461,16,2124200,2124200,G,T,1,TCGA
mut462,X,44966654,44966654,G,A,1,TCGA
mut463,X,44950109,44950110,AG,A,1,TCGA
mut464,17,7578556,7578556,T,A,1,TCGA
mut465,17,7577018,7577018,C,A,1,TCGA
mut466,17,7579311,7579311,C,A,1,TCGA
mut467,17,7577498,7577498,C,T,1,TCGA
mut468,17,7574034,7574034,C,T,1,TCGA
mut469,17,7577497,7577497,A,C,1,TCGA
mut470,17,7579311,7579311,C,T,1,TCGA
mut471,17,7578176,7578176,C,T,1,TCGA
mut472,5,1295326,1295326,C,T,1,TCGA
mut473,5,1295149,1295149,C,A,1,TCGA
mut474,5,1295172,1295172,C,A,1,TCGA
mut475,5,1295253,1295253,G,A,1,TCGA
mut476,16,22308556,22308556,TT,AA,1,TCGA
mut477,3,16555692,16555692,G,T,1,TCGA
mut478,3,16554856,16554856,C,T,1,TCGA
mut479,3,193853961,193853961,A,G,1,TCGA
mut480,3,193853857,193853857,A,G,1,TCGA
mut481,3,193854030,193854030,A,G,1,TCGA
mut482,3,193853976,193853976,C,A,1,TCGA
mut483,3,193853913,193853913,A,G,1,TCGA
mut484,17,7590677,7590678,GTTCAGTCAGGAGC,G,1,TCGA
mut485,17,7590690,7590691,CT,C,1,TCGA
mut486,17,7590693,7590693,A,C,1,TCGA
mut487,16,731865,731865,C,T,0,COSMIC
mut488,10,51622545,51622545,G,T,0,COSMIC
mut489,22,50945191,50945191,T,C,0,COSMIC
mut490,5,149829722,149829722,G,T,0,COSMIC
mut491,22,45128174,45128174,G,A,0,COSMIC
mut492,1,30592326,30592326,G,A,0,COSMIC
mut493,19,20158372,20158372,G,A,0,COSMIC
mut494,15,32462718,32462718,C,A,0,COSMIC
mut495,2,75889396,75889396,T,C,0,COSMIC
mut496,7,127231363,127231363,G,T,0,COSMIC
mut497,13,61409985,61409985,G,T,0,COSMIC
mut498,15,34538150,34538150,TT,T,0,COSMIC
mut499,19,37753476,37753476,G,C,0,COSMIC
mut500,6,148804626,148804626,A,G,0,COSMIC
mut501,18,41819278,41819278,C,T,0,COSMIC
mut502,6,43270461,43270461,G,T,0,COSMIC
mut503,6,29148894,29148894,C,T,0,COSMIC
mut504,2,10922899,10922899,G,T,0,COSMIC
mut505,9,24540061,24540061,T,C,0,COSMIC
mut506,5,178810525,178810525,C,T,0,COSMIC
mut507,1,153067622,153067622,T,G,0,COSMIC
mut508,21,46822781,46822781,G,T,0,COSMIC
mut509,2,208923249,208923249,A,G,0,COSMIC
mut510,X,63267027,63267027,C,T,0,COSMIC
mut511,9,35135680,35135680,C,A,0,COSMIC
mut512,8,136928292,136928292,G,A,0,COSMIC
mut513,8,22980651,22980651,A,G,0,COSMIC
mut514,16,26465671,26465671,T,C,0,COSMIC
mut515,10,111061663,111061663,A,T,0,COSMIC
mut516,12,110879261,110879261,AGTA,A,0,COSMIC
mut517,16,2820708,2820708,C,T,0,COSMIC
mut518,7,29553367,29553367,C,T,0,COSMIC
mut519,1,75327940,75327940,G,C,0,COSMIC
mut520,14,28564536,28564536,G,A,0,COSMIC
mut521,11,84427001,84427001,C,G,0,COSMIC
mut522,9,73477908,73477908,G,A,0,COSMIC
mut523,15,75094370,75094370,C,T,0,COSMIC
mut524,15,91469554,91469554,C,T,0,COSMIC
mut525,17,40734611,40734611,G,C,0,COSMIC
mut526,19,36743741,36743741,G,T,0,COSMIC
mut527,3,178251905,178251905,T,TT,0,COSMIC
mut528,6,31654851,31654851,A,G,0,COSMIC
mut529,19,22941557,22941557,C,T,0,COSMIC
mut530,12,6497998,6497998,G,T,0,COSMIC
mut531,1,158328932,158328932,T,G,0,COSMIC
mut532,15,36871473,36871473,C,T,0,COSMIC
mut533,2,118586933,118586933,A,G,0,COSMIC
mut534,20,44519146,44519146,C,T,0,COSMIC
mut535,3,127393427,127393427,C,A,0,COSMIC
mut536,9,4661989,4661989,G,A,0,COSMIC
mut537,8,23177541,23177541,G,A,0,COSMIC
mut538,11,124774785,124774785,T,G,0,COSMIC
mut539,17,77073897,77073897,C,A,0,COSMIC
mut540,4,40797907,40797907,T,C,0,COSMIC
mut541,3,186508170,186508170,C,G,0,COSMIC
mut542,12,93092927,93092927,C,T,0,COSMIC
mut543,16,88930779,88930779,C,T,0,COSMIC
mut544,2,177475508,177475508,T,C,0,COSMIC
mut545,7,144610823,144610823,T,A,0,COSMIC
mut546,7,23585162,23585162,C,T,0,COSMIC
mut547,5,45100104,45100104,A,G,0,COSMIC
mut548,7,100856219,100856219,C,A,0,COSMIC
mut549,21,48052608,48052608,A,T,0,COSMIC
mut550,11,36881407,36881407,C,T,0,COSMIC
mut551,10,57878806,57878806,G,T,0,COSMIC
mut552,7,111347594,111347594,G,C,0,COSMIC
mut553,2,125942326,125942326,A,C,0,COSMIC
mut554,3,191117428,191117428,G,A,0,COSMIC
mut555,6,103452911,103452911,A,T,0,COSMIC
mut556,2,170092376,170092376,G,A,0,COSMIC
mut557,17,76823164,76823164,G,T,0,COSMIC
mut558,7,15874175,15874175,C,G,0,COSMIC
mut559,1,110288228,110288228,T,C,0,COSMIC
mut560,12,45521068,45521068,C,A,0,COSMIC
mut561,3,78720862,78720862,A,G,0,COSMIC
mut562,1,213851649,213851649,C,T,0,COSMIC
mut563,13,21714577,21714577,G,A,0,COSMIC
mut564,3,5339301,5339301,G,A,0,COSMIC
mut565,19,45855565,45855565,G,A,0,COSMIC
mut566,18,48493141,48493141,C,T,0,COSMIC
mut567,3,46751413,46751413,C,A,0,COSMIC
mut568,10,95859864,95859864,C,A,0,COSMIC
mut569,3,183860336,183860336,G,C,0,COSMIC
mut570,16,67242232,67242232,C,T,0,COSMIC
mut571,13,58205647,58205647,G,T,0,COSMIC
mut572,X,108986253,108986253,C,A,0,COSMIC
mut573,5,46034790,46034790,T,A,0,COSMIC
mut574,21,33132413,33132413,A,AA,0,COSMIC
mut575,5,140090019,140090019,T,C,0,COSMIC
mut576,16,1822314,1822314,G,T,0,COSMIC
mut577,11,108845322,108845322,C,T,0,COSMIC
mut578,17,73554925,73554925,C,A,0,COSMIC
mut579,2,113940400,113940400,A,C,0,COSMIC
mut580,5,82887087,82887087,A,G,0,COSMIC
mut581,2,242736852,242736852,C,A,0,COSMIC
mut582,6,53787933,53787933,G,T,0,COSMIC
mut583,6,146905749,146905749,A,G,0,COSMIC
mut584,17,3349804,3349804,T,A,0,COSMIC
mut585,22,23241323,23241323,G,A,0,COSMIC
mut586,5,23949007,23949007,C,T,0,COSMIC
mut587,12,67493628,67493628,G,A,0,COSMIC
mut588,22,36696256,36696256,C,G,0,COSMIC
mut589,1,189076292,189076292,T,G,0,COSMIC
mut590,5,24897700,24897700,T,G,0,COSMIC
mut591,2,223066797,223066797,C,A,0,COSMIC
mut592,2,242760774,242760774,G,A,0,COSMIC
mut593,3,110788918,110788918,A,G,0,COSMIC
mut594,2,85808023,85808023,C,A,0,COSMIC
mut595,12,48538908,48538908,G,A,0,COSMIC
mut596,19,14520614,14520614,G,C,0,COSMIC
mut597,9,140770889,140770889,C,T,0,COSMIC
mut598,1,178447297,178447297,TT,T,0,COSMIC
mut599,21,44589335,44589335,C,T,0,COSMIC
mut600,2,219222725,219222725,C,T,0,COSMIC
mut601,6,126127132,126127132,C,A,0,COSMIC
mut602,10,46953163,46953163,A,G,0,COSMIC
mut603,19,8430846,8430846,C,G,0,COSMIC
mut604,1,150252208,150252208,C,G,0,COSMIC
mut605,20,34257408,34257408,T,C,0,COSMIC
mut606,16,67199604,67199604,CC,C,0,COSMIC
mut607,14,41109796,41109796,T,A,0,COSMIC
mut608,2,124739564,124739564,G,C,0,COSMIC
mut609,2,158815010,158815010,G,C,0,COSMIC
mut610,5,8618494,8618494,G,A,0,COSMIC
mut611,5,138632501,138632501,A,G,0,COSMIC
mut612,22,29708529,29708529,T,C,0,COSMIC
mut613,4,25160666,25160666,T,A,0,COSMIC
mut614,11,6641913,6641913,C,A,0,COSMIC
mut615,3,154043367,154043367,C,T,0,COSMIC
mut616,9,131024889,131024889,C,A,0,COSMIC
mut617,7,127668248,127668248,T,G,0,COSMIC
mut618,X,127909970,127909970,C,T,0,COSMIC
mut619,19,10405222,10405222,G,T,0,COSMIC
mut620,2,145277930,145277930,C,T,0,COSMIC
mut621,3,133657281,133657281,C,T,0,COSMIC
mut622,4,86222165,86222165,C,A,0,COSMIC
mut623,19,19626321,19626321,C,T,0,COSMIC
mut624,6,17135124,17135124,G,A,0,COSMIC
mut625,10,22516039,22516039,A,G,0,COSMIC
mut626,15,42977946,42977946,G,T,0,COSMIC
mut627,2,41458097,41458097,T,C,0,COSMIC
mut628,12,58128450,58128450,C,T,0,COSMIC
mut629,12,56031222,56031222,C,T,0,COSMIC
mut630,19,14073956,14073956,G,GG,0,COSMIC
mut631,9,37744725,37744725,C,A,0,COSMIC
mut632,17,73780725,73780725,C,T,0,COSMIC
mut633,2,83608591,83608591,C,A,0,COSMIC
mut634,14,50909470,50909470,C,A,0,COSMIC
mut635,1,69901193,69901193,C,A,0,COSMIC
mut636,14,55587989,55587989,G,A,0,COSMIC
mut637,4,34688065,34688065,T,A,0,COSMIC
mut638,5,99998231,99998231,T,A,0,COSMIC
mut639,8,141249762,141249762,G,A,0,COSMIC
mut640,17,61911559,61911559,C,A,0,COSMIC
mut641,5,178193071,178193071,G,A,0,COSMIC
mut642,18,76870478,76870478,A,C,0,COSMIC
mut643,12,53876552,53876552,C,T,0,COSMIC
mut644,1,195280292,195280292,A,T,0,COSMIC
mut645,1,110293359,110293359,C,A,0,COSMIC
mut646,4,159044694,159044694,G,A,0,COSMIC
mut647,7,76135400,76135400,G,T,0,COSMIC
mut648,12,7245435,7245435,A,AA,0,COSMIC
mut649,19,42873041,42873041,C,T,0,COSMIC
mut650,11,21631663,21631663,T,A,0,COSMIC
mut651,12,5530952,5530952,G,T,0,COSMIC
mut652,11,47610034,47610034,C,T,0,COSMIC
mut653,2,25452336,25452336,T,C,0,COSMIC
mut654,2,125807579,125807579,T,A,0,COSMIC
mut655,12,50687094,50687094,A,G,0,COSMIC
mut656,16,88923281,88923281,G,A,0,COSMIC
mut657,11,619527,619527,C,T,0,COSMIC
mut658,20,44416620,44416620,C,A,0,COSMIC
mut659,17,71232999,71232999,A,T,0,COSMIC
mut660,3,99076195,99076195,T,C,0,COSMIC
mut661,X,148496412,148496412,G,T,0,COSMIC
mut662,1,151023150,151023150,C,G,0,COSMIC
mut663,16,57687714,57687714,A,T,0,COSMIC
mut664,17,6547876,6547876,G,T,0,COSMIC
mut665,5,162927473,162927473,G,A,0,COSMIC
mut666,19,10943731,10943731,A,G,0,COSMIC
mut667,20,11098076,11098076,A,G,0,COSMIC
mut668,8,136796007,136796007,A,G,0,COSMIC
mut669,1,191390365,191390365,C,T,0,COSMIC
mut670,13,113844547,113844547,A,T,0,COSMIC
mut671,2,164467428,164467428,G,T,0,COSMIC
mut672,3,24709056,24709056,A,G,0,COSMIC
mut673,2,98525746,98525746,A,G,0,COSMIC
mut674,14,103542941,103542941,G,A,0,COSMIC
mut675,5,133476406,133476406,G,T,0,COSMIC
mut676,17,73893209,73893209,C,T,0,COSMIC
mut677,4,106158399,106158399,TCT,TG,0,COSMIC
mut678,9,140134690,140134690,G,A,0,COSMIC
mut679,5,163107815,163107815,T,G,0,COSMIC
mut680,8,42942966,42942966,T,TT,0,COSMIC
mut681,2,89164051,89164051,T,A,0,COSMIC
mut682,9,97718226,97718226,G,T,0,COSMIC
mut683,17,38275337,38275337,T,C,0,COSMIC
mut684,19,7083629,7083629,A,G,0,COSMIC
mut685,12,56117813,56117813,G,T,0,COSMIC
mut686,16,89938007,89938007,T,C,0,COSMIC
mut687,12,96483757,96483757,C,G,0,COSMIC
mut688,3,15091181,15091181,C,G,0,COSMIC
mut689,6,31599695,31599695,G,A,0,COSMIC
mut690,16,74920225,74920225,C,A,0,COSMIC
mut691,12,6981945,6981945,C,A,0,COSMIC
mut692,11,94195528,94195528,T,A,0,COSMIC
mut693,22,44330543,44330543,AA,A,0,COSMIC
mut694,2,11294485,11294485,T,TT,0,COSMIC
mut695,16,57789363,57789363,A,C,0,COSMIC
mut696,2,85927583,85927583,A,T,0,COSMIC
mut697,2,89164435,89164435,T,C,0,COSMIC
mut698,2,25043675,25043675,C,T,0,COSMIC
mut699,19,52923271,52923271,A,C,0,COSMIC
mut700,1,153591411,153591411,T,C,0,COSMIC
mut701,7,102106550,102106550,G,A,0,COSMIC
mut702,11,59359114,59359114,G,T,0,COSMIC
mut703,19,1223169,1223169,C,T,0,COSMIC
mut704,12,162759,162759,A,G,0,COSMIC
mut705,3,139460159,139460159,T,TT,0,COSMIC
mut706,8,29132568,29132568,A,T,0,COSMIC
mut707,11,6635086,6635086,G,C,0,COSMIC
mut708,1,142858610,142858610,T,C,0,COSMIC
mut709,1,44447064,44447064,G,T,0,COSMIC
mut710,17,57288083,57288083,A,C,0,COSMIC
mut711,20,31992427,31992427,C,G,0,COSMIC
mut712,10,64935171,64935171,A,T,0,COSMIC
mut713,1,161090454,161090454,C,A,0,COSMIC
mut714,11,57995129,57995129,T,C,0,COSMIC
mut715,2,136398121,136398121,A,G,0,COSMIC
mut716,X,141571739,141571739,C,A,0,COSMIC
mut717,19,7655828,7655828,A,C,0,COSMIC
mut718,12,174662,174662,GG,G,0,COSMIC
mut719,15,88328212,88328212,C,A,0,COSMIC
mut720,4,49192365,49192365,T,C,0,COSMIC
mut721,16,68056192,68056192,TCT,T,0,COSMIC
mut722,17,61910958,61910958,G,A,0,COSMIC
mut723,19,17445470,17445470,C,T,0,COSMIC
mut724,11,627129,627129,G,GAGAGTC,0,COSMIC
mut725,16,67698935,67698935,G,A,0,COSMIC
mut726,12,58016715,58016715,C,A,0,COSMIC
mut727,X,74842334,74842334,A,C,0,COSMIC
mut728,13,63617515,63617515,T,C,0,COSMIC
mut729,14,94700986,94700986,A,G,0,COSMIC
mut730,11,131221615,131221615,C,T,0,COSMIC
mut731,17,7350544,7350544,G,A,0,COSMIC
mut732,14,24785055,24785055,C,T,0,COSMIC
mut733,3,125166693,125166693,T,C,0,COSMIC
mut734,11,62572828,62572828,T,C,0,COSMIC
mut735,19,1797096,1797096,G,GG,0,COSMIC
mut736,13,93824311,93824311,C,T,0,COSMIC
mut737,6,167615229,167615229,G,T,0,COSMIC
mut738,8,72961399,72961399,T,G,0,COSMIC
mut739,18,22026838,22026838,G,A,0,COSMIC
mut740,21,23958776,23958776,C,A,0,COSMIC
mut741,14,24807143,24807143,TTCT,T,0,COSMIC
mut742,X,153006175,153006175,T,G,0,COSMIC
mut743,12,58123129,58123129,T,G,0,COSMIC
mut744,3,174147563,174147563,T,A,0,COSMIC
mut745,3,8545950,8545950,C,T,0,COSMIC
mut746,X,124670845,124670845,C,T,0,COSMIC
mut747,11,22510233,22510233,G,A,0,COSMIC
mut748,1,155149705,155149705,G,A,0,COSMIC
mut749,7,99720601,99720601,G,C,0,COSMIC
mut750,4,524259,524259,G,C,0,COSMIC
mut751,1,182443537,182443537,A,T,0,COSMIC
mut752,16,31098068,31098068,G,A,0,COSMIC
mut753,1,151748675,151748675,G,A,0,COSMIC
mut754,1,226353733,226353733,T,C,0,COSMIC
mut755,19,58265375,58265375,G,C,0,COSMIC
mut756,20,61291083,61291083,C,T,0,COSMIC
mut757,10,81841923,81841923,C,A,0,COSMIC
mut758,5,135399452,135399452,T,G,0,COSMIC
mut759,20,47843613,47843613,A,T,0,COSMIC
mut760,2,40656657,40656657,C,T,0,COSMIC
mut761,3,37279961,37279961,T,C,0,COSMIC
mut762,2,198318328,198318328,C,T,0,COSMIC
mut763,7,84373550,84373550,T,C,0,COSMIC
mut764,19,42797956,42797956,G,A,0,COSMIC
mut765,11,107528404,107528404,G,A,0,COSMIC
mut766,2,151950856,151950856,A,G,0,COSMIC
mut767,13,63986885,63986885,G,C,0,COSMIC
mut768,17,48617508,48617508,G,T,0,COSMIC
mut769,5,158923980,158923980,A,C,0,COSMIC
mut770,12,6960377,6960377,A,T,0,COSMIC
mut771,17,15591893,15591893,T,C,0,COSMIC
mut772,8,119855452,119855452,C,A,0,COSMIC
mut773,15,46616779,46616779,G,A,0,COSMIC
mut774,6,31996601,31996601,C,G,0,COSMIC
mut775,2,201345794,201345794,T,G,0,COSMIC
mut776,9,4118521,4118521,G,A,0,COSMIC
mut777,5,2749106,2749106,T,C,0,COSMIC
mut778,6,37089976,37089976,C,T,0,COSMIC
mut779,1,78392180,78392180,G,C,0,COSMIC
mut780,10,42702161,42702161,C,G,0,COSMIC
mut781,10,119805437,119805437,A,G,0,COSMIC
mut782,7,96910811,96910811,A,T,0,COSMIC
mut783,17,7155834,7155834,G,T,0,COSMIC
mut784,17,4300808,4300808,T,C,0,COSMIC
mut785,6,138196944,138196944,C,T,0,COSMIC
mut786,4,89505742,89505742,G,A,0,COSMIC
mut787,8,132343280,132343280,T,C,0,COSMIC
mut788,22,34690228,34690228,G,A,0,COSMIC
mut789,19,11323975,11323975,C,T,0,COSMIC
mut790,20,2045641,2045641,C,G,0,COSMIC
mut791,9,5897517,5897517,G,T,0,COSMIC
mut792,1,45967377,45967377,C,T,0,COSMIC
mut793,16,3289229,3289229,TTT,T,0,COSMIC
mut794,X,88181906,88181906,A,G,0,COSMIC
mut795,20,35914643,35914643,T,C,0,COSMIC
mut796,12,57926970,57926970,C,A,0,COSMIC
mut797,2,165580396,165580396,C,A,0,COSMIC
mut798,5,93905150,93905150,A,G,0,COSMIC
mut799,13,54062514,54062514,A,G,0,COSMIC
mut800,3,106003278,106003278,A,T,0,COSMIC
mut801,13,64509897,64509897,T,G,0,COSMIC
mut802,2,2629982,2629982,T,C,0,COSMIC
mut803,5,147761567,147761567,C,T,0,COSMIC
mut804,15,98678078,98678078,C,T,0,COSMIC
mut805,10,42905086,42905086,C,G,0,COSMIC
mut806,1,48701458,48701458,C,G,0,COSMIC
mut807,22,29708517,29708517,C,T,0,COSMIC
mut808,11,47740917,47740917,C,A,0,COSMIC
mut809,7,92764944,92764944,G,A,0,COSMIC
mut810,12,6637293,6637293,G,T,0,COSMIC
mut811,10,21693335,21693335,G,C,0,COSMIC
mut812,8,77767184,77767184,GG,G,0,COSMIC
mut813,4,55966799,55966799,A,T,0,COSMIC
mut814,17,74625625,74625625,TCT,T,0,COSMIC
mut815,17,61907825,61907825,T,C,0,COSMIC
mut816,6,67883070,67883070,T,G,0,COSMIC
mut817,1,45484708,45484708,A,G,0,COSMIC
mut818,14,105839184,105839184,A,C,0,COSMIC
mut819,5,76508692,76508692,C,G,0,COSMIC
mut820,12,7063999,7063999,G,T,0,COSMIC
mut821,5,1032273,1032273,C,T,0,COSMIC
mut822,12,7051066,7051066,C,T,0,COSMIC
mut823,17,56606430,56606430,G,T,0,COSMIC
mut824,19,33703513,33703513,G,A,0,COSMIC
mut825,16,19628261,19628261,A,G,0,COSMIC
mut826,9,101858367,101858367,G,T,0,COSMIC
mut827,6,30884917,30884917,G,C,0,COSMIC
mut828,4,8376524,8376524,C,T,0,COSMIC
mut829,19,21901032,21901032,T,A,0,COSMIC
mut830,2,89157139,89157139,G,T,0,COSMIC
mut831,16,53266048,53266048,G,T,0,COSMIC
mut832,11,18380294,18380294,A,G,0,COSMIC
mut833,8,28574643,28574643,G,A,0,COSMIC
mut834,3,8720187,8720187,C,T,0,COSMIC
mut835,13,57714585,57714585,C,A,0,COSMIC
mut836,X,145999464,145999464,G,T,0,COSMIC
mut837,19,56935172,56935172,G,A,0,COSMIC
mut838,X,56296562,56296562,TT,T,0,COSMIC
mut839,7,44146480,44146480,G,A,0,COSMIC
mut840,X,11781636,11781636,C,T,0,COSMIC
mut841,X,111991196,111991196,G,A,0,COSMIC
mut842,3,136708366,136708366,G,A,0,COSMIC
mut843,8,116058237,116058237,A,G,0,COSMIC
mut844,16,67227029,67227029,G,A,0,COSMIC
mut845,1,161019097,161019097,G,T,0,COSMIC
mut846,9,103419099,103419099,C,A,0,COSMIC
mut847,17,76156984,76156984,G,A,0,COSMIC
mut848,11,47600540,47600540,C,T,0,COSMIC
mut849,19,37379576,37379576,A,T,0,COSMIC
mut850,12,122667411,122667411,C,G,0,COSMIC
mut851,19,41306918,41306918,G,T,0,COSMIC
mut852,6,19211849,19211849,C,T,0,COSMIC
mut853,4,61609495,61609495,C,T,0,COSMIC
mut854,3,9989017,9989017,G,T,0,COSMIC
mut855,12,102025497,102025497,G,A,0,COSMIC
mut856,2,109061063,109061063,A,C,0,COSMIC
mut857,21,30428489,30428489,T,G,0,COSMIC
mut858,14,106329405,106329405,T,C,0,COSMIC
mut859,22,32014325,32014325,C,T,0,COSMIC
mut860,6,82165997,82165997,C,T,0,COSMIC
mut861,1,199575563,199575563,A,AACCAAAACAGCATGGTACTGGT,0,COSMIC
mut862,3,187464814,187464814,C,T,0,COSMIC
mut863,5,55459933,55459933,A,C,0,COSMIC
mut864,2,71840508,71840508,A,T,0,COSMIC
mut865,10,135491126,135491126,C,T,0,COSMIC
mut866,X,142919453,142919453,A,G,0,COSMIC
mut867,1,174988876,174988876,C,G,0,COSMIC
mut868,9,1582636,1582636,G,C,0,COSMIC
mut869,2,89164164,89164164,C,G,0,COSMIC
mut870,2,201132426,201132426,A,C,0,COSMIC
mut871,3,49839575,49839575,C,T,0,COSMIC
mut872,5,160717829,160717829,C,T,0,COSMIC
mut873,3,48638119,48638119,C,A,0,COSMIC
mut874,14,23451448,23451448,G,A,0,COSMIC
mut875,1,209025301,209025301,C,T,0,COSMIC
mut876,14,92727419,92727419,T,C,0,COSMIC
mut877,8,72959392,72959392,T,A,0,COSMIC
mut878,17,77061530,77061530,C,T,0,COSMIC
mut879,19,35758054,35758054,C,T,0,COSMIC
mut880,5,158555539,158555539,C,A,0,COSMIC
mut881,7,150094863,150094863,C,T,0,COSMIC
mut882,X,125833700,125833700,A,G,0,COSMIC
mut883,17,43473138,43473138,G,A,0,COSMIC
mut884,2,224963984,224963984,G,A,0,COSMIC
mut885,1,235918941,235918941,C,G,0,COSMIC
mut886,3,48682180,48682180,C,T,0,COSMIC
mut887,4,109317657,109317657,C,T,0,COSMIC
mut888,17,34799377,34799377,G,A,0,COSMIC
mut889,16,67315127,67315127,TCT,T,0,COSMIC
mut890,8,128039639,128039639,G,A,0,COSMIC
mut891,11,45945969,45945969,C,T,0,COSMIC
mut892,2,71190301,71190301,G,C,0,COSMIC
mut893,6,92789728,92789728,G,T,0,COSMIC
mut894,2,130899768,130899768,C,T,0,COSMIC
mut895,15,77155018,77155018,G,A,0,COSMIC
mut896,2,172950309,172950309,C,A,0,COSMIC
mut897,3,176138802,176138802,AA,A,0,COSMIC
mut898,16,1828307,1828307,C,A,0,COSMIC
mut899,1,120458004,120458004,A,T,0,COSMIC
mut900,5,140052361,140052361,C,G,0,COSMIC
mut901,1,212962073,212962073,A,T,0,COSMIC
mut902,15,66158429,66158429,A,G,0,COSMIC
mut903,6,38890951,38890951,C,T,0,COSMIC
mut904,7,68731580,68731580,C,A,0,COSMIC
mut905,16,68898073,68898073,G,A,0,COSMIC
mut906,3,14535272,14535272,C,T,0,COSMIC
mut907,3,113005657,113005657,C,T,0,COSMIC
mut908,11,119063973,119063973,C,T,0,COSMIC
mut909,17,73626928,73626928,G,A,0,COSMIC
mut910,8,76778608,76778608,C,A,0,COSMIC
mut911,22,18261588,18261588,G,A,0,COSMIC
mut912,2,6194039,6194039,G,A,0,COSMIC
mut913,8,76819312,76819312,G,A,0,COSMIC
mut914,15,90611014,90611014,G,A,0,COSMIC
mut915,1,80491940,80491940,G,T,0,COSMIC
mut916,5,79950707,79950707,CTGCAGCGGCCGCAGCGGCCGCAGCGCC,C,0,COSMIC
mut917,7,117538179,117538179,T,TT,0,COSMIC
mut918,14,20825732,20825732,T,C,0,COSMIC
mut919,19,58102522,58102522,C,T,0,COSMIC
mut920,1,207078366,207078366,A,G,0,COSMIC
mut921,11,63381505,63381505,C,T,0,COSMIC
mut922,11,57069317,57069317,G,A,0,COSMIC
mut923,12,102117589,102117589,C,T,0,COSMIC
mut924,4,96815244,96815244,A,G,0,COSMIC
mut925,10,118357387,118357387,C,T,0,COSMIC
mut926,13,61677467,61677467,C,T,0,COSMIC
mut927,X,152710276,152710276,C,T,0,COSMIC
mut928,12,50299728,50299728,C,A,0,COSMIC
mut929,10,8064120,8064120,C,T,0,COSMIC
mut930,8,118626310,118626310,C,T,0,COSMIC
mut931,2,35718717,35718717,G,T,0,COSMIC
mut932,7,48816378,48816378,G,T,0,COSMIC
mut933,6,35739955,35739955,C,G,0,COSMIC
mut934,X,82185988,82185988,C,A,0,COSMIC
mut935,14,24897002,24897002,G,T,0,COSMIC
mut936,19,53311333,53311333,T,C,0,COSMIC
mut937,3,179320485,179320485,A,AA,0,COSMIC
mut938,3,75212938,75212938,G,GGT,0,COSMIC
mut939,7,6836280,6836280,C,T,0,COSMIC
mut940,14,104208264,104208264,G,C,0,COSMIC
mut941,3,49163974,49163974,C,A,0,COSMIC
mut942,2,7019604,7019604,C,A,0,COSMIC
mut943,1,1342375,1342375,A,G,0,COSMIC
mut944,17,15642157,15642157,G,A,0,COSMIC
mut945,9,43627017,43627017,C,T,0,COSMIC
mut946,17,27073715,27073715,C,T,0,COSMIC
mut947,10,135166817,135166817,C,T,0,COSMIC
mut948,22,38243744,38243744,G,A,0,COSMIC
mut949,4,170520353,170520353,A,G,0,COSMIC
mut950,2,233626112,233626112,C,T,0,COSMIC
mut951,16,89857865,89857865,G,C,0,COSMIC
mut952,3,34641274,34641274,G,A,0,COSMIC
mut953,13,106378883,106378883,T,A,0,COSMIC
mut954,2,98382241,98382241,T,C,0,COSMIC
mut955,7,153133839,153133839,T,G,0,COSMIC
mut956,17,19552249,19552249,G,T,0,COSMIC
mut957,2,132247410,132247410,C,T,0,COSMIC
mut958,5,158511187,158511187,A,AA,0,COSMIC
mut959,7,99699366,99699366,C,T,0,COSMIC
mut960,4,136420451,136420451,T,C,0,COSMIC
mut961,5,51696607,51696607,G,A,0,COSMIC
mut962,12,15000608,15000608,G,T,0,COSMIC
mut963,18,62602656,62602656,C,A,0,COSMIC
mut964,17,41368579,41368579,C,T,0,COSMIC
mut965,2,120139016,120139016,C,A,0,COSMIC
mut966,11,74880318,74880318,C,A,0,COSMIC
mut967,5,117043850,117043850,G,C,0,COSMIC
mut968,X,49957400,49957400,C,T,0,COSMIC
mut969,16,8204700,8204700,T,G,0,COSMIC
mut970,12,9823971,9823971,C,T,0,COSMIC
mut971,X,54554114,54554114,A,T,0,COSMIC
mut972,6,41209594,41209594,G,A,0,COSMIC
mut973,7,143582161,143582161,C,T,0,COSMIC
mut974,5,168148421,168148421,C,T,0,COSMIC
mut975,14,25832006,25832006,G,C,0,COSMIC
mut976,1,19114389,19114389,G,A,0,COSMIC
mut977,16,67864583,67864583,C,T,0,COSMIC
mut978,1,146643634,146643634,C,T,0,COSMIC
mut979,19,13258991,13258991,C,A,0,COSMIC
mut980,20,44151948,44151948,C,A,0,COSMIC
mut981,X,101858458,101858458,C,A,0,COSMIC
mut982,8,144680543,144680543,A,T,0,COSMIC
mut983,10,102293465,102293465,C,T,0,COSMIC
mut984,1,48540203,48540203,G,A,0,COSMIC
mut985,17,80010280,80010280,C,T,0,COSMIC
mut986,17,42290341,42290341,G,A,0,COSMIC
mut987,12,58009675,58009675,T,C,0,COSMIC
mut988,16,3350278,3350278,ACC,ATT,0,COSMIC
mut989,17,15930909,15930909,C,G,0,COSMIC
mut990,16,50354590,50354590,T,G,0,COSMIC
mut991,5,52582825,52582825,G,C,0,COSMIC
mut992,22,43253334,43253334,G,A,0,COSMIC
mut993,3,48506379,48506379,G,A,0,COSMIC
mut994,3,80033051,80033051,T,G,0,COSMIC
mut995,20,36776407,36776407,G,A,0,COSMIC
mut996,17,4448302,4448302,C,CCCCCCCCCCCCCCCCCCCCC,0,COSMIC
mut997,X,56511496,56511496,G,A,0,COSMIC
mut998,16,2802695,2802695,G,A,0,COSMIC
mut999,19,56156476,56156476,G,C,0,COSMIC
mut1000,8,144895795,144895795,G,T,0,COSMIC
mut1001,22,34968159,34968159,T,C,0,COSMIC
mut1002,17,7468351,7468351,A,T,0,COSMIC
mut1003,2,217394227,217394227,C,T,0,COSMIC
mut1004,12,53400086,53400086,C,G,0,COSMIC
mut1005,13,70213576,70213576,T,G,0,COSMIC
mut1006,5,154194333,154194333,C,G,0,COSMIC
mut1007,1,222838942,222838942,C,A,0,COSMIC
mut1008,2,53404641,53404641,G,A,0,COSMIC
mut1009,16,83065753,83065753,G,A,0,COSMIC
mut1010,1,240076797,240076797,C,T,0,COSMIC
mut1011,14,106327131,106327131,G,A,0,COSMIC
mut1012,11,5727829,5727829,G,T,0,COSMIC
mut1013,6,10398763,10398763,A,T,0,COSMIC
mut1014,16,30908946,30908946,C,T,0,COSMIC
mut1015,17,40179203,40179203,C,T,0,COSMIC
mut1016,X,48933234,48933234,C,T,0,COSMIC
mut1017,17,27085367,27085367,G,A,0,COSMIC
mut1018,1,67269547,67269547,G,C,0,COSMIC
mut1019,22,18392038,18392038,C,T,0,COSMIC
mut1020,2,61765057,61765057,G,T,0,COSMIC
mut1021,10,22676736,22676736,T,G,0,COSMIC
mut1022,12,113711438,113711438,T,C,0,COSMIC
mut1023,17,80615095,80615095,C,A,0,COSMIC
mut1024,9,125280150,125280150,C,T,0,COSMIC
mut1025,9,4118458,4118458,G,A,0,COSMIC
mut1026,3,32188184,32188184,G,A,0,COSMIC
mut1027,6,135515007,135515007,T,G,0,COSMIC
mut1028,2,119441107,119441107,C,T,0,COSMIC
mut1029,4,136176578,136176578,C,T,0,COSMIC
mut1030,5,143538491,143538491,AA,A,0,COSMIC
mut1031,6,72594972,72594972,G,C,0,COSMIC
mut1032,12,56510936,56510936,TTTTTTT,T,0,COSMIC
mut1033,9,35664685,35664685,C,T,0,COSMIC
mut1034,16,2304002,2304002,C,T,0,COSMIC
mut1035,11,799907,799907,A,G,0,COSMIC
mut1036,20,44515440,44515440,C,A,0,COSMIC
mut1037,5,163389491,163389491,A,G,0,COSMIC
mut1038,19,47197136,47197136,G,A,0,COSMIC
mut1039,7,39733455,39733455,G,A,0,COSMIC
mut1040,3,78132152,78132152,C,A,0,COSMIC
mut1041,2,76603605,76603605,C,T,0,COSMIC
mut1042,6,112671182,112671182,G,T,0,COSMIC
mut1043,11,3378791,3378791,C,T,0,COSMIC
mut1044,4,42739431,42739431,G,T,0,COSMIC
mut1045,11,77554685,77554685,T,A,0,COSMIC
mut1046,16,10525283,10525283,G,A,0,COSMIC
mut1047,19,12691497,12691497,G,C,0,COSMIC
mut1048,21,10995521,10995521,T,C,0,COSMIC
mut1049,17,21238313,21238313,C,G,0,COSMIC
mut1050,7,99689087,99689087,C,G,0,COSMIC
mut1051,19,23899918,23899918,C,A,0,COSMIC
mut1052,1,156708203,156708203,C,T,0,COSMIC
mut1053,2,134275582,134275582,C,A,0,COSMIC
mut1054,12,57519024,57519024,T,A,0,COSMIC
mut1055,X,72254391,72254391,C,T,0,COSMIC
mut1056,6,87347882,87347882,C,A,0,COSMIC
mut1057,10,64398785,64398785,G,A,0,COSMIC
mut1058,3,25706824,25706824,C,A,0,COSMIC
mut1059,7,31691394,31691394,A,T,0,COSMIC
mut1060,17,26989729,26989729,T,C,0,COSMIC
mut1061,3,180585989,180585989,C,T,0,COSMIC
mut1062,1,200977986,200977986,G,T,0,COSMIC
mut1063,14,106147291,106147291,G,A,0,COSMIC
mut1064,X,128834690,128834690,C,A,0,COSMIC
mut1065,5,133485883,133485883,C,G,0,COSMIC
mut1066,10,104230729,104230729,G,A,0,COSMIC
mut1067,19,30558759,30558759,T,C,0,COSMIC
mut1068,8,6814323,6814323,C,G,0,COSMIC
mut1069,1,236762964,236762964,T,A,0,COSMIC
mut1070,11,4112634,4112634,G,A,0,COSMIC
mut1071,2,172291597,172291597,G,A,0,COSMIC
mut1072,20,33461937,33461937,A,G,0,COSMIC
mut1073,X,100611173,100611173,G,A,0,COSMIC
mut1074,16,62818734,62818734,C,T,0,COSMIC
mut1075,X,79514091,79514091,C,T,0,COSMIC
mut1076,1,38462532,38462532,A,C,0,COSMIC
mut1077,19,3299586,3299586,T,C,0,COSMIC
mut1078,12,54680937,54680937,G,A,0,COSMIC
mut1079,19,30500243,30500243,A,G,0,COSMIC
mut1080,22,51014870,51014870,C,A,0,COSMIC
mut1081,4,95496939,95496939,C,T,0,COSMIC
mut1082,6,53026396,53026396,C,T,0,COSMIC
mut1083,2,220077160,220077160,G,T,0,COSMIC
mut1084,16,31471209,31471209,C,T,0,COSMIC
mut1085,18,59584293,59584293,G,C,0,COSMIC
