chr,start,ref,alt,data_source,driver,id,end
3,101578254,CAGTT,C,ICGC,1,mut0,101578255
3,101578285,GACCATTTGCCTT,G,ICGC,1,mut1,101578286
3,101578250,CTG,C,ICGC,1,mut2,101578251
17,48940015,CTAAAT,C,ICGC,1,mut3,48940016
17,48939986,AT,A,ICGC,1,mut4,48939987
17,48939977,AAT,A,ICGC,1,mut5,48939978
17,48940335,C,CT,ICGC,1,mut6,48940334
17,48939994,T,G,ICGC,1,mut7,48939994
17,48940021,T,G,ICGC,1,mut8,48940021
17,48940008,C,T,ICGC,1,mut9,48940008
17,48940278,G,A,ICGC,1,mut10,48940278
17,8076894,C,T,ICGC,1,mut11,8076894
17,8076887,G,A,ICGC,1,mut12,8076887
17,8076895,C,T,ICGC,1,mut13,8076895
17,8076849,T,C,ICGC,1,mut14,8076849
17,8078228,G,A,ICGC,1,mut15,8078228
14,38060229,TC,T,ICGC,1,mut16,38060230
14,38060017,GTTTATGTCTTGCTATAT,G,ICGC,1,mut17,38060018
14,38059225,GCA,G,ICGC,1,mut18,38059226
14,38059425,T,TAATA,ICGC,1,mut19,38059424
14,38060342,T,TGGTTTG,ICGC,1,mut20,38060341
14,38060441,GA,G,ICGC,1,mut21,38060442
14,38059231,T,TG,ICGC,1,mut22,38059230
14,38060496,GT,G,ICGC,1,mut23,38060497
14,38059583,T,C,ICGC,1,mut24,38059583
9,139390152,T,C,ICGC,1,mut25,139390152
6,152024472,C,G,ICGC,1,mut26,152024472
7,86866383,TT,GC,ICGC,1,mut27,86866383
7,86866359,T,A,ICGC,1,mut28,86866359
7,86866362,T,C,ICGC,1,mut29,86866362
7,86866390,T,G,ICGC,1,mut30,86866390
7,86866395,A,G,ICGC,1,mut31,86866395
7,86866371,C,T,ICGC,1,mut32,86866371
7,86866383,T,G,ICGC,1,mut33,86866383
7,86866370,T,C,ICGC,1,mut34,86866370
7,86866382,T,G,ICGC,1,mut35,86866382
7,86866372,T,C,ICGC,1,mut36,86866372
7,86866372,T,G,ICGC,1,mut37,86866372
20,60758099,TG,T,ICGC,1,mut38,60758100
20,60758100,G,A,ICGC,1,mut39,60758100
8,97274001,T,TTGGAGTCTG,ICGC,1,mut40,97274000
8,97274000,T,C,ICGC,1,mut41,97274000
8,97273988,A,C,ICGC,1,mut42,97273988
8,97274202,C,T,ICGC,1,mut43,97274202
8,97274009,G,A,ICGC,1,mut44,97274009
8,97273988,A,G,ICGC,1,mut45,97273988
12,121842722,A,G,ICGC,1,mut46,121842722
12,121842740,A,T,ICGC,1,mut47,121842740
12,121842742,A,T,ICGC,1,mut48,121842742
12,121842742,A,C,ICGC,1,mut49,121842742
12,121842730,A,C,ICGC,1,mut50,121842730
12,121842675,A,C,ICGC,1,mut51,121842675
12,121842708,G,T,ICGC,1,mut52,121842708
14,20811285,T,TCA,ICGC,1,mut53,20811284
14,20811302,T,C,ICGC,1,mut54,20811302
14,20811398,G,T,ICGC,1,mut55,20811398
14,20811300,A,G,ICGC,1,mut56,20811300
14,20811419,C,G,ICGC,1,mut57,20811419
14,20811342,G,A,ICGC,1,mut58,20811342
9,35657809,C,CT,ICGC,1,mut59,35657808
9,35657926,GC,G,ICGC,1,mut60,35657927
9,35657769,C,G,ICGC,1,mut61,35657769
9,35657881,T,C,ICGC,1,mut62,35657881
9,35657783,G,A,ICGC,1,mut63,35657783
9,35657839,C,A,ICGC,1,mut64,35657839
17,56408620,AA,TG,ICGC,1,mut65,56408620
17,56408612,A,T,ICGC,1,mut66,56408612
17,56408597,G,A,ICGC,1,mut67,56408597
17,56408647,A,C,ICGC,1,mut68,56408647
17,56408624,C,T,ICGC,1,mut69,56408624
17,56408616,A,C,ICGC,1,mut70,56408616
17,56408630,C,T,ICGC,1,mut71,56408630
17,56408638,G,A,ICGC,1,mut72,56408638
17,56408624,C,G,ICGC,1,mut73,56408624
17,56408639,C,T,ICGC,1,mut74,56408639
17,56408639,C,G,ICGC,1,mut75,56408639
17,56408620,A,G,ICGC,1,mut76,56408620
17,56408656,T,A,ICGC,1,mut77,56408656
4,775698,GTCGGCCCACCTAGCATGCGC,G,ICGC,1,mut78,775699
4,775701,GGCCCACCTAGCAT,G,ICGC,1,mut79,775702
4,775710,A,G,ICGC,1,mut80,775710
4,775698,G,A,ICGC,1,mut81,775698
4,775657,T,A,ICGC,1,mut82,775657
9,35658032,C,CAGA,ICGC,1,mut83,35658031
9,35658037,A,G,ICGC,1,mut84,35658037
9,35658040,A,G,ICGC,1,mut85,35658040
9,35658033,G,A,ICGC,1,mut86,35658033
9,35658043,T,G,ICGC,1,mut87,35658043
9,35658042,T,A,ICGC,1,mut88,35658042
9,35658067,T,G,ICGC,1,mut89,35658067
9,35658044,T,A,ICGC,1,mut90,35658044
9,35658042,T,G,ICGC,1,mut91,35658042
9,35658041,T,A,ICGC,1,mut92,35658041
9,35658017,C,A,ICGC,1,mut93,35658017
9,35658063,T,C,ICGC,1,mut94,35658063
6,52442145,G,A,ICGC,1,mut95,52442145
X,20156742,T,C,ICGC,1,mut96,20156742
2,96920736,C,T,ICGC,1,mut97,96920736
13,73345932,C,A,ICGC,1,mut98,73345932
13,73355495,C,T,ICGC,1,mut99,73355495
12,49428261,T,C,ICGC,1,mut100,49428261
12,49435699,C,T,ICGC,1,mut101,49435699
12,49433142,C,T,ICGC,1,mut102,49433142
12,49447924,C,T,ICGC,1,mut103,49447924
12,49427848,A,T,ICGC,1,mut104,49427848
12,49437145,C,A,ICGC,1,mut105,49437145
12,49421585,C,T,ICGC,1,mut106,49421585
16,68846034,GCAGAGTTTCC,G,ICGC,1,mut107,68846035
17,15968797,A,G,ICGC,1,mut108,15968797
X,76909691,C,T,ICGC,1,mut109,76909691
10,8111432,TCA,T,ICGC,1,mut110,8111433
2,212426814,C,T,ICGC,1,mut111,212426814
3,33630224,C,T,ICGC,1,mut112,33630224
3,52436691,C,A,ICGC,1,mut113,52436691
5,67590975,G,A,ICGC,1,mut114,67590975
5,67589535,A,G,ICGC,1,mut115,67589535
5,67591246,A,G,ICGC,1,mut116,67591246
1,115279377,A,C,ICGC,1,mut117,115279377
17,11984670,CAG,C,ICGC,1,mut118,11984671
14,21860106,C,A,ICGC,1,mut119,21860106
12,52370360,G,A,ICGC,1,mut120,52370360
5,131825083,C,T,ICGC,1,mut121,131825083
16,89836433,C,A,ICGC,1,mut122,89836433
5,112440053,C,A,ICGC,1,mut123,112440053
1,16477460,T,C,ICGC,1,mut124,16477460
1,193111198,T,C,ICGC,1,mut125,193111198
18,20573683,G,C,ICGC,1,mut126,20573683
11,71942541,G,T,ICGC,1,mut127,71942541
10,3827104,C,T,ICGC,1,mut128,3827104
4,153252021,C,T,ICGC,1,mut129,153252021
3,176755883,TACCTTTAAAGTCATGTCGTCAGAA,T,ICGC,1,mut130,176755884
3,176755882,TTAC,T,ICGC,1,mut131,176755883
3,176755884,A,T,ICGC,1,mut132,176755884
6,33289345,C,T,ICGC,1,mut133,33289345
7,151876918,C,T,ICGC,1,mut134,151876918
4,74277844,T,A,ICGC,1,mut135,74277844
4,74280750,AG,A,ICGC,1,mut136,74280751
4,74283804,G,T,ICGC,1,mut137,74283804
19,1222006,G,C,ICGC,1,mut138,1222006
10,89717609,G,A,ICGC,1,mut139,89717609
10,89725042,A,G,ICGC,1,mut140,89725042
10,89711874,G,A,ICGC,1,mut141,89711874
10,89653868,T,C,ICGC,1,mut142,89653868
10,89711873,A,T,ICGC,1,mut143,89711873
10,89711873,A,G,ICGC,1,mut144,89711873
10,89692754,TATCTTTTTACCACAGTTGCACA,T,ICGC,1,mut145,89692755
22,29099555,C,G,ICGC,1,mut146,29099555
2,44187678,A,C,ICGC,1,mut147,44187678
6,75977355,A,C,ICGC,1,mut148,75977355
6,75977355,A,T,ICGC,1,mut149,75977355
X,47041266,G,A,ICGC,1,mut150,47041266
19,10870489,T,C,ICGC,1,mut151,10870489
8,30954367,G,C,ICGC,1,mut152,30954367
13,32893463,G,T,ICGC,1,mut153,32893463
13,32954142,A,T,ICGC,1,mut154,32954142
17,56440768,C,A,ICGC,1,mut155,56440768
17,56440011,T,C,ICGC,1,mut156,56440011
19,11105679,T,C,ICGC,1,mut157,11105679
1,78414986,C,T,ICGC,1,mut158,78414986
15,45003812,G,A,ICGC,1,mut159,45003812
3,52649474,T,A,ICGC,1,mut160,52649474
3,52598065,C,A,ICGC,1,mut161,52598065
3,52702662,C,T,ICGC,1,mut162,52702662
3,52610716,T,A,ICGC,1,mut163,52610716
5,86642488,G,C,ICGC,1,mut164,86642488
6,35420571,G,A,ICGC,1,mut165,35420571
11,64573703,C,G,ICGC,1,mut166,64573703
11,64573243,C,T,ICGC,1,mut167,64573243
11,64575359,ATAC,A,ICGC,1,mut168,64575360
11,64574482,C,A,ICGC,1,mut169,64574482
20,31022233,A,G,ICGC,1,mut170,31022233
16,3799627,C,T,ICGC,1,mut171,3799627
16,3817719,A,C,ICGC,1,mut172,3817719
16,3828699,A,G,ICGC,1,mut173,3828699
22,41568668,G,A,ICGC,1,mut174,41568668
1,36209132,C,T,ICGC,1,mut175,36209132
3,30713129,G,A,ICGC,1,mut176,30713129
5,65372237,G,A,ICGC,1,mut177,65372237
10,63661917,G,C,ICGC,1,mut178,63661917
3,47142946,A,C,ICGC,1,mut179,47142946
3,47087975,A,C,ICGC,1,mut180,47087975
3,47147485,A,C,ICGC,1,mut181,47147485
13,49037866,G,C,ICGC,1,mut182,49037866
13,49047486,AACTTGACAGAATCTTAGTATCAATTGG,A,ICGC,1,mut183,49047487
13,48916734,G,A,ICGC,1,mut184,48916734
13,48951053,G,A,ICGC,1,mut185,48951053
13,48942662,G,C,ICGC,1,mut186,48942662
13,48934151,A,T,ICGC,1,mut187,48934151
13,48955382,G,C,ICGC,1,mut188,48955382
9,21971209,T,C,ICGC,1,mut189,21971209
9,21971208,C,T,ICGC,1,mut190,21971208
9,21968242,C,T,ICGC,1,mut191,21968242
9,21994136,A,G,ICGC,1,mut192,21994136
2,225343063,C,T,ICGC,1,mut193,225343063
1,27056141,G,T,ICGC,1,mut194,27056141
1,27101712,G,A,ICGC,1,mut195,27101712
1,27099124,G,A,ICGC,1,mut196,27099124
1,27100070,G,A,ICGC,1,mut197,27100070
22,24176327,G,A,ICGC,1,mut198,24176327
7,2119331,A,G,ICGC,1,mut199,2119331
9,135797361,C,T,ICGC,1,mut200,135797361
14,52445990,A,T,ICGC,1,mut201,52445990
14,52418603,A,T,ICGC,1,mut202,52418603
18,48593387,A,T,ICGC,1,mut203,48593387
18,48575231,G,A,ICGC,1,mut204,48575231
18,48593559,T,A,ICGC,1,mut205,48593559
18,48586227,TTTCTTTA,T,ICGC,1,mut206,48586228
9,139396367,T,C,ICGC,1,mut207,139396367
9,139393712,C,T,ICGC,1,mut208,139393712
17,29592246,G,C,ICGC,1,mut209,29592246
17,29557277,G,T,ICGC,1,mut210,29557277
17,29670154,G,A,ICGC,1,mut211,29670154
17,29508727,G,A,ICGC,1,mut212,29508727
17,29588876,G,C,ICGC,1,mut213,29588876
17,29685497,G,A,ICGC,1,mut214,29685497
12,46243362,G,A,ICGC,1,mut215,46243362
12,46231102,A,C,ICGC,1,mut216,46231102
12,46124999,G,A,ICGC,1,mut217,46124999
12,46243361,A,G,ICGC,1,mut218,46243361
3,10191470,G,C,ICGC,1,mut219,10191470
3,10191461,GCCCTTCCAGTGT,G,ICGC,1,mut220,10191462
3,10191463,CCTTCCAGTGTAT,C,ICGC,1,mut221,10191464
3,10188196,A,C,ICGC,1,mut222,10188196
3,10188321,G,A,ICGC,1,mut223,10188321
3,10183872,G,T,ICGC,1,mut224,10183872
16,50821764,G,T,ICGC,1,mut225,50821764
8,90960051,C,T,ICGC,1,mut226,90960051
8,90958524,C,T,ICGC,1,mut227,90958524
1,120466609,T,G,ICGC,1,mut228,120466609
6,138192661,T,G,ICGC,1,mut229,138192661
17,7217398,C,T,ICGC,1,mut230,7217398
19,45284141,AGTCCTTGCCCATCCCCACAGGCGACAGCTGGCCAAGCT,A,ICGC,1,mut231,45284142
16,339608,C,T,ICGC,1,mut232,339608
11,108163345,G,C,ICGC,1,mut233,108163345
11,108123641,T,A,ICGC,1,mut234,108123641
11,108199747,G,T,ICGC,1,mut235,108199747
11,108099903,A,C,ICGC,1,mut236,108099903
11,108141874,G,A,ICGC,1,mut237,108141874
11,108190668,ACTTATCTCACAG,A,ICGC,1,mut238,108190669
11,108165652,A,T,ICGC,1,mut239,108165652
X,133527984,T,C,ICGC,1,mut240,133527984
X,133527665,G,A,ICGC,1,mut241,133527665
13,103515454,G,C,ICGC,1,mut242,103515454
13,103506106,G,T,ICGC,1,mut243,103506106
1,2492155,T,A,ICGC,1,mut244,2492155
1,2489274,G,A,ICGC,1,mut245,2489274
10,35318570,T,G,ICGC,1,mut246,35318570
7,148506248,C,T,ICGC,1,mut247,148506248
7,6018328,C,A,ICGC,1,mut248,6018328
12,99042403,G,A,ICGC,1,mut249,99042403
21,35093482,G,A,ICGC,1,mut250,35093482
16,50362656,C,G,ICGC,1,mut251,50362656
16,50383932,AC,A,ICGC,1,mut252,50383933
2,148654079,T,G,ICGC,1,mut253,148654079
18,50848528,G,A,ICGC,1,mut254,50848528
2,48040518,T,C,ICGC,1,mut255,48040518
2,48035568,T,C,ICGC,1,mut256,48035568
X,41203383,T,G,ICGC,1,mut257,41203383
X,41196720,T,C,ICGC,1,mut258,41196720
X,41206564,G,A,ICGC,1,mut259,41206564
16,2126068,G,A,ICGC,1,mut260,2126068
X,44966653,A,T,ICGC,1,mut261,44966653
X,44969323,G,A,ICGC,1,mut262,44969323
17,7576852,C,T,ICGC,1,mut263,7576852
17,7574034,C,G,ICGC,1,mut264,7574034
17,7579310,AC,A,ICGC,1,mut265,7579311
17,7578176,C,A,ICGC,1,mut266,7578176
17,7578555,C,T,ICGC,1,mut267,7578555
17,7578370,C,A,ICGC,1,mut268,7578370
17,7577017,AC,TA,ICGC,1,mut269,7577017
17,7577610,T,C,ICGC,1,mut270,7577610
17,7574035,T,A,ICGC,1,mut271,7574035
17,7576928,T,C,ICGC,1,mut272,7576928
17,7578555,C,A,ICGC,1,mut273,7578555
17,7577609,C,A,ICGC,1,mut274,7577609
17,7578556,T,C,ICGC,1,mut275,7578556
17,7579699,C,A,ICGC,1,mut276,7579699
17,7576852,C,A,ICGC,1,mut277,7576852
17,7578290,C,T,ICGC,1,mut278,7578290
17,7578370,C,T,ICGC,1,mut279,7578370
17,7578175,A,G,ICGC,1,mut280,7578175
17,7576927,C,G,ICGC,1,mut281,7576927
17,7577156,C,A,ICGC,1,mut282,7577156
17,7578556,T,G,ICGC,1,mut283,7578556
17,7574035,T,G,ICGC,1,mut284,7574035
17,7577157,T,C,ICGC,1,mut285,7577157
17,7576927,C,A,ICGC,1,mut286,7576927
17,7578291,T,G,ICGC,1,mut287,7578291
17,7576851,A,G,ICGC,1,mut288,7576851
17,7579592,T,A,ICGC,1,mut289,7579592
17,7577018,C,T,ICGC,1,mut290,7577018
2,55201901,C,A,ICGC,1,mut291,55201901
X,15827321,A,G,ICGC,1,mut292,15827321
5,1295242,GG,AA,ICGC,1,mut293,1295242
5,1295228,GG,AA,ICGC,1,mut294,1295228
5,1295228,G,A,ICGC,1,mut295,1295228
5,1295161,T,G,ICGC,1,mut296,1295161
5,1295205,G,A,ICGC,1,mut297,1295205
5,1295242,G,A,ICGC,1,mut298,1295242
5,1295247,C,T,ICGC,1,mut299,1295247
5,1295283,G,A,ICGC,1,mut300,1295283
5,1295305,G,A,ICGC,1,mut301,1295305
5,1295143,G,A,ICGC,1,mut302,1295143
5,1295359,C,G,ICGC,1,mut303,1295359
5,1295250,G,A,ICGC,1,mut304,1295250
5,1295133,C,T,ICGC,1,mut305,1295133
16,22308678,G,C,ICGC,1,mut306,22308678
16,22308938,A,G,ICGC,1,mut307,22308938
16,22308582,C,G,ICGC,1,mut308,22308582
16,22308593,G,A,ICGC,1,mut309,22308593
16,22308693,G,C,ICGC,1,mut310,22308693
14,38064406,G,A,ICGC,1,mut311,38064406
3,16554861,CC,TT,ICGC,1,mut312,16554861
3,16554628,GCCTGCAGAGCCTACGACCCC,G,ICGC,1,mut313,16554629
3,16555353,G,A,ICGC,1,mut314,16555353
3,16555353,G,C,ICGC,1,mut315,16555353
3,16555405,C,T,ICGC,1,mut316,16555405
3,16555405,C,A,ICGC,1,mut317,16555405
3,16555404,G,C,ICGC,1,mut318,16555404
3,16554601,C,T,ICGC,1,mut319,16554601
3,16554601,C,A,ICGC,1,mut320,16554601
3,16555037,G,A,ICGC,1,mut321,16555037
3,16555291,T,A,ICGC,1,mut322,16555291
3,16554440,G,A,ICGC,1,mut323,16554440
3,16555275,G,A,ICGC,1,mut324,16555275
3,16555144,G,A,ICGC,1,mut325,16555144
3,16554316,G,T,ICGC,1,mut326,16554316
3,16554713,C,A,ICGC,1,mut327,16554713
3,16554758,G,C,ICGC,1,mut328,16554758
3,16554696,C,T,ICGC,1,mut329,16554696
3,16554782,C,T,ICGC,1,mut330,16554782
3,16555096,G,A,ICGC,1,mut331,16555096
3,16555483,G,A,ICGC,1,mut332,16555483
3,193853880,A,C,ICGC,1,mut333,193853880
3,193853974,C,T,ICGC,1,mut334,193853974
3,193853972,A,C,ICGC,1,mut335,193853972
3,193853972,A,G,ICGC,1,mut336,193853972
17,7590688,AGCTT,A,ICGC,1,mut337,7590689
17,7590692,T,A,ICGC,1,mut338,7590692
17,7590692,TACCCAATCCAGGGAAGCGTGTCACCGTCGTGGAAAGCACGCTCCCAGCCCGAA,T,ICGC,1,mut339,7590693
17,7590694,C,A,ICGC,1,mut340,7590694
17,7590735,CCCAGCCCGAACGCAAAGTGTCCCCGGAGCCCAGCAGCTACCTGCT,C,ICGC,1,mut341,7590736
17,7590819,CTT,C,ICGC,1,mut342,7590820
17,7590844,GGGAGGGGAAAACCCCAA,G,ICGC,1,mut343,7590845
17,7590844,GGGAGGGGAAAACCCCAATCCCATCAACCCCT,G,ICGC,1,mut344,7590845
*,*,G,T,TCGA,1,mut345,*
*,*,AGCT,A,TCGA,1,mut346,*
*,*,AT,A,TCGA,1,mut347,*
*,*,AT,A,TCGA,1,mut348,*
*,*,C,T,TCGA,1,mut349,*
*,*,T,C,TCGA,1,mut350,*
*,*,T,A,TCGA,1,mut351,*
*,*,A,G,TCGA,1,mut352,*
*,*,A,C,TCGA,1,mut353,*
*,*,T,C,TCGA,1,mut354,*
*,*,T,A,TCGA,1,mut355,*
*,*,G,C,TCGA,1,mut356,*
*,*,G,T,TCGA,1,mut357,*
*,*,G,C,TCGA,1,mut358,*
*,*,A,C,TCGA,1,mut359,*
*,*,G,T,TCGA,1,mut360,*
*,*,G,C,TCGA,1,mut361,*
*,*,G,T,TCGA,1,mut362,*
*,*,C,CCACGT,TCGA,1,mut363,*
*,*,AAGGGG,A,TCGA,1,mut364,*
*,*,GGAGGA,G,TCGA,1,mut365,*
*,*,G,A,TCGA,1,mut366,*
*,*,G,T,TCGA,1,mut367,*
*,*,A,G,TCGA,1,mut368,*
*,*,G,A,TCGA,1,mut369,*
*,*,AG,A,TCGA,1,mut370,*
*,*,C,T,TCGA,1,mut371,*
*,*,C,T,TCGA,1,mut372,*
*,*,T,TAAA,TCGA,1,mut373,*
*,*,T,TTA,TCGA,1,mut374,*
*,*,A,T,TCGA,1,mut375,*
*,*,T,C,TCGA,1,mut376,*
*,*,T,G,TCGA,1,mut377,*
*,*,T,C,TCGA,1,mut378,*
*,*,A,C,TCGA,1,mut379,*
*,*,T,C,TCGA,1,mut380,*
*,*,A,C,TCGA,1,mut381,*
*,*,A,T,TCGA,1,mut382,*
*,*,G,T,TCGA,1,mut383,*
*,*,C,T,TCGA,1,mut384,*
*,*,C,T,TCGA,1,mut385,*
*,*,T,C,TCGA,1,mut386,*
*,*,C,A,TCGA,1,mut387,*
*,*,G,A,TCGA,1,mut388,*
*,*,G,A,TCGA,1,mut389,*
*,*,C,T,TCGA,1,mut390,*
*,*,A,G,TCGA,1,mut391,*
*,*,C,T,TCGA,1,mut392,*
*,*,A,T,TCGA,1,mut393,*
*,*,T,A,TCGA,1,mut394,*
*,*,A,T,TCGA,1,mut395,*
*,*,G,C,TCGA,1,mut396,*
*,*,A,G,TCGA,1,mut397,*
*,*,A,G,TCGA,1,mut398,*
*,*,C,T,TCGA,1,mut399,*
*,*,A,G,TCGA,1,mut400,*
*,*,T,G,TCGA,1,mut401,*
*,*,GCAGATGA,G,TCGA,1,mut402,*
*,*,C,T,TCGA,1,mut403,*
*,*,G,A,TCGA,1,mut404,*
*,*,GG,CT,TCGA,1,mut405,*
*,*,A,C,TCGA,1,mut406,*
*,*,G,A,TCGA,1,mut407,*
*,*,G,T,TCGA,1,mut408,*
*,*,G,A,TCGA,1,mut409,*
*,*,G,A,TCGA,1,mut410,*
*,*,A,C,TCGA,1,mut411,*
*,*,G,C,TCGA,1,mut412,*
*,*,G,A,TCGA,1,mut413,*
*,*,G,A,TCGA,1,mut414,*
*,*,G,T,TCGA,1,mut415,*
*,*,G,A,TCGA,1,mut416,*
*,*,A,G,TCGA,1,mut417,*
*,*,T,C,TCGA,1,mut418,*
*,*,C,G,TCGA,1,mut419,*
*,*,C,T,TCGA,1,mut420,*
*,*,A,G,TCGA,1,mut421,*
*,*,A,C,TCGA,1,mut422,*
*,*,GTAAGTGATGAAATCTTTTGAAGGTTTATA,G,TCGA,1,mut423,*
*,*,T,G,TCGA,1,mut424,*
*,*,T,G,TCGA,1,mut425,*
*,*,AGTAAGTTAAAAACAATATAAAAAAATTTCAGCC,A,TCGA,1,mut426,*
*,*,A,G,TCGA,1,mut427,*
*,*,T,C,TCGA,1,mut428,*
*,*,C,A,TCGA,1,mut429,*
*,*,G,T,TCGA,1,mut430,*
*,*,GC,TT,TCGA,1,mut431,*
*,*,T,C,TCGA,1,mut432,*
*,*,C,G,TCGA,1,mut433,*
*,*,C,A,TCGA,1,mut434,*
*,*,T,A,TCGA,1,mut435,*
*,*,T,C,TCGA,1,mut436,*
*,*,T,C,TCGA,1,mut437,*
*,*,T,A,TCGA,1,mut438,*
*,*,G,T,TCGA,1,mut439,*
*,*,G,T,TCGA,1,mut440,*
*,*,G,A,TCGA,1,mut441,*
*,*,C,A,TCGA,1,mut442,*
*,*,A,G,TCGA,1,mut443,*
*,*,GT,G,TCGA,1,mut444,*
*,*,A,T,TCGA,1,mut445,*
*,*,G,A,TCGA,1,mut446,*
*,*,G,A,TCGA,1,mut447,*
*,*,G,T,TCGA,1,mut448,*
*,*,G,A,TCGA,1,mut449,*
*,*,G,C,TCGA,1,mut450,*
*,*,G,T,TCGA,1,mut451,*
*,*,T,C,TCGA,1,mut452,*
*,*,C,G,TCGA,1,mut453,*
*,*,G,A,TCGA,1,mut454,*
*,*,C,T,TCGA,1,mut455,*
*,*,C,T,TCGA,1,mut456,*
*,*,A,T,TCGA,1,mut457,*
*,*,C,A,TCGA,1,mut458,*
*,*,G,T,TCGA,1,mut459,*
*,*,G,T,TCGA,1,mut460,*
*,*,G,T,TCGA,1,mut461,*
*,*,G,A,TCGA,1,mut462,*
*,*,AG,A,TCGA,1,mut463,*
*,*,T,A,TCGA,1,mut464,*
*,*,C,A,TCGA,1,mut465,*
*,*,C,A,TCGA,1,mut466,*
*,*,C,T,TCGA,1,mut467,*
*,*,C,T,TCGA,1,mut468,*
*,*,A,C,TCGA,1,mut469,*
*,*,C,T,TCGA,1,mut470,*
*,*,C,T,TCGA,1,mut471,*
*,*,C,T,TCGA,1,mut472,*
*,*,C,A,TCGA,1,mut473,*
*,*,C,A,TCGA,1,mut474,*
*,*,G,A,TCGA,1,mut475,*
*,*,TT,AA,TCGA,1,mut476,*
*,*,G,T,TCGA,1,mut477,*
*,*,C,T,TCGA,1,mut478,*
*,*,A,G,TCGA,1,mut479,*
*,*,A,G,TCGA,1,mut480,*
*,*,A,G,TCGA,1,mut481,*
*,*,C,A,TCGA,1,mut482,*
*,*,A,G,TCGA,1,mut483,*
*,*,GTTCAGTCAGGAGC,G,TCGA,1,mut484,*
*,*,CT,C,TCGA,1,mut485,*
*,*,A,C,TCGA,1,mut486,*
16,731865,C,T,COSMIC,0,mut487,731865
10,51622545,G,T,COSMIC,0,mut488,51622545
22,50945191,T,C,COSMIC,0,mut489,50945191
5,149829722,G,T,COSMIC,0,mut490,149829722
22,45128174,G,A,COSMIC,0,mut491,45128174
1,30592326,G,A,COSMIC,0,mut492,30592326
19,20158372,G,A,COSMIC,0,mut493,20158372
15,32462718,C,A,COSMIC,0,mut494,32462718
2,75889396,T,C,COSMIC,0,mut495,75889396
7,127231363,G,T,COSMIC,0,mut496,127231363
13,61409985,G,T,COSMIC,0,mut497,61409985
15,34538150,TT,T,COSMIC,0,mut498,34538150
19,37753476,G,C,COSMIC,0,mut499,37753476
6,148804626,A,G,COSMIC,0,mut500,148804626
18,41819278,C,T,COSMIC,0,mut501,41819278
6,43270461,G,T,COSMIC,0,mut502,43270461
6,29148894,C,T,COSMIC,0,mut503,29148894
2,10922899,G,T,COSMIC,0,mut504,10922899
9,24540061,T,C,COSMIC,0,mut505,24540061
5,178810525,C,T,COSMIC,0,mut506,178810525
1,153067622,T,G,COSMIC,0,mut507,153067622
21,46822781,G,T,COSMIC,0,mut508,46822781
2,208923249,A,G,COSMIC,0,mut509,208923249
X,63267027,C,T,COSMIC,0,mut510,63267027
9,35135680,C,A,COSMIC,0,mut511,35135680
8,136928292,G,A,COSMIC,0,mut512,136928292
8,22980651,A,G,COSMIC,0,mut513,22980651
16,26465671,T,C,COSMIC,0,mut514,26465671
10,111061663,A,T,COSMIC,0,mut515,111061663
12,110879261,AGTA,A,COSMIC,0,mut516,110879261
16,2820708,C,T,COSMIC,0,mut517,2820708
7,29553367,C,T,COSMIC,0,mut518,29553367
1,75327940,G,C,COSMIC,0,mut519,75327940
14,28564536,G,A,COSMIC,0,mut520,28564536
11,84427001,C,G,COSMIC,0,mut521,84427001
9,73477908,G,A,COSMIC,0,mut522,73477908
15,75094370,C,T,COSMIC,0,mut523,75094370
15,91469554,C,T,COSMIC,0,mut524,91469554
17,40734611,G,C,COSMIC,0,mut525,40734611
19,36743741,G,T,COSMIC,0,mut526,36743741
3,178251905,T,TT,COSMIC,0,mut527,178251905
6,31654851,A,G,COSMIC,0,mut528,31654851
19,22941557,C,T,COSMIC,0,mut529,22941557
12,6497998,G,T,COSMIC,0,mut530,6497998
1,158328932,T,G,COSMIC,0,mut531,158328932
15,36871473,C,T,COSMIC,0,mut532,36871473
2,118586933,A,G,COSMIC,0,mut533,118586933
20,44519146,C,T,COSMIC,0,mut534,44519146
3,127393427,C,A,COSMIC,0,mut535,127393427
9,4661989,G,A,COSMIC,0,mut536,4661989
8,23177541,G,A,COSMIC,0,mut537,23177541
11,124774785,T,G,COSMIC,0,mut538,124774785
17,77073897,C,A,COSMIC,0,mut539,77073897
4,40797907,T,C,COSMIC,0,mut540,40797907
3,186508170,C,G,COSMIC,0,mut541,186508170
12,93092927,C,T,COSMIC,0,mut542,93092927
16,88930779,C,T,COSMIC,0,mut543,88930779
2,177475508,T,C,COSMIC,0,mut544,177475508
7,144610823,T,A,COSMIC,0,mut545,144610823
7,23585162,C,T,COSMIC,0,mut546,23585162
5,45100104,A,G,COSMIC,0,mut547,45100104
7,100856219,C,A,COSMIC,0,mut548,100856219
21,48052608,A,T,COSMIC,0,mut549,48052608
11,36881407,C,T,COSMIC,0,mut550,36881407
10,57878806,G,T,COSMIC,0,mut551,57878806
7,111347594,G,C,COSMIC,0,mut552,111347594
2,125942326,A,C,COSMIC,0,mut553,125942326
3,191117428,G,A,COSMIC,0,mut554,191117428
6,103452911,A,T,COSMIC,0,mut555,103452911
2,170092376,G,A,COSMIC,0,mut556,170092376
17,76823164,G,T,COSMIC,0,mut557,76823164
7,15874175,C,G,COSMIC,0,mut558,15874175
1,110288228,T,C,COSMIC,0,mut559,110288228
12,45521068,C,A,COSMIC,0,mut560,45521068
3,78720862,A,G,COSMIC,0,mut561,78720862
1,213851649,C,T,COSMIC,0,mut562,213851649
13,21714577,G,A,COSMIC,0,mut563,21714577
3,5339301,G,A,COSMIC,0,mut564,5339301
19,45855565,G,A,COSMIC,0,mut565,45855565
18,48493141,C,T,COSMIC,0,mut566,48493141
3,46751413,C,A,COSMIC,0,mut567,46751413
10,95859864,C,A,COSMIC,0,mut568,95859864
3,183860336,G,C,COSMIC,0,mut569,183860336
16,67242232,C,T,COSMIC,0,mut570,67242232
13,58205647,G,T,COSMIC,0,mut571,58205647
X,108986253,C,A,COSMIC,0,mut572,108986253
5,46034790,T,A,COSMIC,0,mut573,46034790
21,33132413,A,AA,COSMIC,0,mut574,33132413
5,140090019,T,C,COSMIC,0,mut575,140090019
16,1822314,G,T,COSMIC,0,mut576,1822314
11,108845322,C,T,COSMIC,0,mut577,108845322
17,73554925,C,A,COSMIC,0,mut578,73554925
2,113940400,A,C,COSMIC,0,mut579,113940400
5,82887087,A,G,COSMIC,0,mut580,82887087
2,242736852,C,A,COSMIC,0,mut581,242736852
6,53787933,G,T,COSMIC,0,mut582,53787933
6,146905749,A,G,COSMIC,0,mut583,146905749
17,3349804,T,A,COSMIC,0,mut584,3349804
22,23241323,G,A,COSMIC,0,mut585,23241323
5,23949007,C,T,COSMIC,0,mut586,23949007
12,67493628,G,A,COSMIC,0,mut587,67493628
22,36696256,C,G,COSMIC,0,mut588,36696256
1,189076292,T,G,COSMIC,0,mut589,189076292
5,24897700,T,G,COSMIC,0,mut590,24897700
2,223066797,C,A,COSMIC,0,mut591,223066797
2,242760774,G,A,COSMIC,0,mut592,242760774
3,110788918,A,G,COSMIC,0,mut593,110788918
2,85808023,C,A,COSMIC,0,mut594,85808023
12,48538908,G,A,COSMIC,0,mut595,48538908
19,14520614,G,C,COSMIC,0,mut596,14520614
9,140770889,C,T,COSMIC,0,mut597,140770889
1,178447297,TT,T,COSMIC,0,mut598,178447297
21,44589335,C,T,COSMIC,0,mut599,44589335
2,219222725,C,T,COSMIC,0,mut600,219222725
6,126127132,C,A,COSMIC,0,mut601,126127132
10,46953163,A,G,COSMIC,0,mut602,46953163
19,8430846,C,G,COSMIC,0,mut603,8430846
1,150252208,C,G,COSMIC,0,mut604,150252208
20,34257408,T,C,COSMIC,0,mut605,34257408
16,67199604,CC,C,COSMIC,0,mut606,67199604
14,41109796,T,A,COSMIC,0,mut607,41109796
2,124739564,G,C,COSMIC,0,mut608,124739564
2,158815010,G,C,COSMIC,0,mut609,158815010
5,8618494,G,A,COSMIC,0,mut610,8618494
5,138632501,A,G,COSMIC,0,mut611,138632501
22,29708529,T,C,COSMIC,0,mut612,29708529
4,25160666,T,A,COSMIC,0,mut613,25160666
11,6641913,C,A,COSMIC,0,mut614,6641913
3,154043367,C,T,COSMIC,0,mut615,154043367
9,131024889,C,A,COSMIC,0,mut616,131024889
7,127668248,T,G,COSMIC,0,mut617,127668248
X,127909970,C,T,COSMIC,0,mut618,127909970
19,10405222,G,T,COSMIC,0,mut619,10405222
2,145277930,C,T,COSMIC,0,mut620,145277930
3,133657281,C,T,COSMIC,0,mut621,133657281
4,86222165,C,A,COSMIC,0,mut622,86222165
19,19626321,C,T,COSMIC,0,mut623,19626321
6,17135124,G,A,COSMIC,0,mut624,17135124
10,22516039,A,G,COSMIC,0,mut625,22516039
15,42977946,G,T,COSMIC,0,mut626,42977946
2,41458097,T,C,COSMIC,0,mut627,41458097
12,58128450,C,T,COSMIC,0,mut628,58128450
12,56031222,C,T,COSMIC,0,mut629,56031222
19,14073956,G,GG,COSMIC,0,mut630,14073956
9,37744725,C,A,COSMIC,0,mut631,37744725
17,73780725,C,T,COSMIC,0,mut632,73780725
2,83608591,C,A,COSMIC,0,mut633,83608591
14,50909470,C,A,COSMIC,0,mut634,50909470
1,69901193,C,A,COSMIC,0,mut635,69901193
14,55587989,G,A,COSMIC,0,mut636,55587989
4,34688065,T,A,COSMIC,0,mut637,34688065
5,99998231,T,A,COSMIC,0,mut638,99998231
8,141249762,G,A,COSMIC,0,mut639,141249762
17,61911559,C,A,COSMIC,0,mut640,61911559
5,178193071,G,A,COSMIC,0,mut641,178193071
18,76870478,A,C,COSMIC,0,mut642,76870478
12,53876552,C,T,COSMIC,0,mut643,53876552
1,195280292,A,T,COSMIC,0,mut644,195280292
1,110293359,C,A,COSMIC,0,mut645,110293359
4,159044694,G,A,COSMIC,0,mut646,159044694
7,76135400,G,T,COSMIC,0,mut647,76135400
12,7245435,A,AA,COSMIC,0,mut648,7245435
19,42873041,C,T,COSMIC,0,mut649,42873041
11,21631663,T,A,COSMIC,0,mut650,21631663
12,5530952,G,T,COSMIC,0,mut651,5530952
11,47610034,C,T,COSMIC,0,mut652,47610034
2,25452336,T,C,COSMIC,0,mut653,25452336
2,125807579,T,A,COSMIC,0,mut654,125807579
12,50687094,A,G,COSMIC,0,mut655,50687094
16,88923281,G,A,COSMIC,0,mut656,88923281
11,619527,C,T,COSMIC,0,mut657,619527
20,44416620,C,A,COSMIC,0,mut658,44416620
17,71232999,A,T,COSMIC,0,mut659,71232999
3,99076195,T,C,COSMIC,0,mut660,99076195
X,148496412,G,T,COSMIC,0,mut661,148496412
1,151023150,C,G,COSMIC,0,mut662,151023150
16,57687714,A,T,COSMIC,0,mut663,57687714
17,6547876,G,T,COSMIC,0,mut664,6547876
5,162927473,G,A,COSMIC,0,mut665,162927473
19,10943731,A,G,COSMIC,0,mut666,10943731
20,11098076,A,G,COSMIC,0,mut667,11098076
8,136796007,A,G,COSMIC,0,mut668,136796007
1,191390365,C,T,COSMIC,0,mut669,191390365
13,113844547,A,T,COSMIC,0,mut670,113844547
2,164467428,G,T,COSMIC,0,mut671,164467428
3,24709056,A,G,COSMIC,0,mut672,24709056
2,98525746,A,G,COSMIC,0,mut673,98525746
14,103542941,G,A,COSMIC,0,mut674,103542941
5,133476406,G,T,COSMIC,0,mut675,133476406
17,73893209,C,T,COSMIC,0,mut676,73893209
4,106158399,TCT,TG,COSMIC,0,mut677,106158399
9,140134690,G,A,COSMIC,0,mut678,140134690
5,163107815,T,G,COSMIC,0,mut679,163107815
8,42942966,T,TT,COSMIC,0,mut680,42942966
2,89164051,T,A,COSMIC,0,mut681,89164051
9,97718226,G,T,COSMIC,0,mut682,97718226
17,38275337,T,C,COSMIC,0,mut683,38275337
19,7083629,A,G,COSMIC,0,mut684,7083629
12,56117813,G,T,COSMIC,0,mut685,56117813
16,89938007,T,C,COSMIC,0,mut686,89938007
12,96483757,C,G,COSMIC,0,mut687,96483757
3,15091181,C,G,COSMIC,0,mut688,15091181
6,31599695,G,A,COSMIC,0,mut689,31599695
16,74920225,C,A,COSMIC,0,mut690,74920225
12,6981945,C,A,COSMIC,0,mut691,6981945
11,94195528,T,A,COSMIC,0,mut692,94195528
22,44330543,AA,A,COSMIC,0,mut693,44330543
2,11294485,T,TT,COSMIC,0,mut694,11294485
16,57789363,A,C,COSMIC,0,mut695,57789363
2,85927583,A,T,COSMIC,0,mut696,85927583
2,89164435,T,C,COSMIC,0,mut697,89164435
2,25043675,C,T,COSMIC,0,mut698,25043675
19,52923271,A,C,COSMIC,0,mut699,52923271
1,153591411,T,C,COSMIC,0,mut700,153591411
7,102106550,G,A,COSMIC,0,mut701,102106550
11,59359114,G,T,COSMIC,0,mut702,59359114
19,1223169,C,T,COSMIC,0,mut703,1223169
12,162759,A,G,COSMIC,0,mut704,162759
3,139460159,T,TT,COSMIC,0,mut705,139460159
8,29132568,A,T,COSMIC,0,mut706,29132568
11,6635086,G,C,COSMIC,0,mut707,6635086
1,142858610,T,C,COSMIC,0,mut708,142858610
1,44447064,G,T,COSMIC,0,mut709,44447064
17,57288083,A,C,COSMIC,0,mut710,57288083
20,31992427,C,G,COSMIC,0,mut711,31992427
10,64935171,A,T,COSMIC,0,mut712,64935171
1,161090454,C,A,COSMIC,0,mut713,161090454
11,57995129,T,C,COSMIC,0,mut714,57995129
2,136398121,A,G,COSMIC,0,mut715,136398121
X,141571739,C,A,COSMIC,0,mut716,141571739
19,7655828,A,C,COSMIC,0,mut717,7655828
12,174662,GG,G,COSMIC,0,mut718,174662
15,88328212,C,A,COSMIC,0,mut719,88328212
4,49192365,T,C,COSMIC,0,mut720,49192365
16,68056192,TCT,T,COSMIC,0,mut721,68056192
17,61910958,G,A,COSMIC,0,mut722,61910958
19,17445470,C,T,COSMIC,0,mut723,17445470
11,627129,G,GAGAGTC,COSMIC,0,mut724,627129
16,67698935,G,A,COSMIC,0,mut725,67698935
12,58016715,C,A,COSMIC,0,mut726,58016715
X,74842334,A,C,COSMIC,0,mut727,74842334
13,63617515,T,C,COSMIC,0,mut728,63617515
14,94700986,A,G,COSMIC,0,mut729,94700986
11,131221615,C,T,COSMIC,0,mut730,131221615
17,7350544,G,A,COSMIC,0,mut731,7350544
14,24785055,C,T,COSMIC,0,mut732,24785055
3,125166693,T,C,COSMIC,0,mut733,125166693
11,62572828,T,C,COSMIC,0,mut734,62572828
19,1797096,G,GG,COSMIC,0,mut735,1797096
13,93824311,C,T,COSMIC,0,mut736,93824311
6,167615229,G,T,COSMIC,0,mut737,167615229
8,72961399,T,G,COSMIC,0,mut738,72961399
18,22026838,G,A,COSMIC,0,mut739,22026838
21,23958776,C,A,COSMIC,0,mut740,23958776
14,24807143,TTCT,T,COSMIC,0,mut741,24807143
X,153006175,T,G,COSMIC,0,mut742,153006175
12,58123129,T,G,COSMIC,0,mut743,58123129
3,174147563,T,A,COSMIC,0,mut744,174147563
3,8545950,C,T,COSMIC,0,mut745,8545950
X,124670845,C,T,COSMIC,0,mut746,124670845
11,22510233,G,A,COSMIC,0,mut747,22510233
1,155149705,G,A,COSMIC,0,mut748,155149705
7,99720601,G,C,COSMIC,0,mut749,99720601
4,524259,G,C,COSMIC,0,mut750,524259
1,182443537,A,T,COSMIC,0,mut751,182443537
16,31098068,G,A,COSMIC,0,mut752,31098068
1,151748675,G,A,COSMIC,0,mut753,151748675
1,226353733,T,C,COSMIC,0,mut754,226353733
19,58265375,G,C,COSMIC,0,mut755,58265375
20,61291083,C,T,COSMIC,0,mut756,61291083
10,81841923,C,A,COSMIC,0,mut757,81841923
5,135399452,T,G,COSMIC,0,mut758,135399452
20,47843613,A,T,COSMIC,0,mut759,47843613
2,40656657,C,T,COSMIC,0,mut760,40656657
3,37279961,T,C,COSMIC,0,mut761,37279961
2,198318328,C,T,COSMIC,0,mut762,198318328
7,84373550,T,C,COSMIC,0,mut763,84373550
19,42797956,G,A,COSMIC,0,mut764,42797956
11,107528404,G,A,COSMIC,0,mut765,107528404
2,151950856,A,G,COSMIC,0,mut766,151950856
13,63986885,G,C,COSMIC,0,mut767,63986885
17,48617508,G,T,COSMIC,0,mut768,48617508
5,158923980,A,C,COSMIC,0,mut769,158923980
12,6960377,A,T,COSMIC,0,mut770,6960377
17,15591893,T,C,COSMIC,0,mut771,15591893
8,119855452,C,A,COSMIC,0,mut772,119855452
15,46616779,G,A,COSMIC,0,mut773,46616779
6,31996601,C,G,COSMIC,0,mut774,31996601
2,201345794,T,G,COSMIC,0,mut775,201345794
9,4118521,G,A,COSMIC,0,mut776,4118521
5,2749106,T,C,COSMIC,0,mut777,2749106
6,37089976,C,T,COSMIC,0,mut778,37089976
1,78392180,G,C,COSMIC,0,mut779,78392180
10,42702161,C,G,COSMIC,0,mut780,42702161
10,119805437,A,G,COSMIC,0,mut781,119805437
7,96910811,A,T,COSMIC,0,mut782,96910811
17,7155834,G,T,COSMIC,0,mut783,7155834
17,4300808,T,C,COSMIC,0,mut784,4300808
6,138196944,C,T,COSMIC,0,mut785,138196944
4,89505742,G,A,COSMIC,0,mut786,89505742
8,132343280,T,C,COSMIC,0,mut787,132343280
22,34690228,G,A,COSMIC,0,mut788,34690228
19,11323975,C,T,COSMIC,0,mut789,11323975
20,2045641,C,G,COSMIC,0,mut790,2045641
9,5897517,G,T,COSMIC,0,mut791,5897517
1,45967377,C,T,COSMIC,0,mut792,45967377
16,3289229,TTT,T,COSMIC,0,mut793,3289229
X,88181906,A,G,COSMIC,0,mut794,88181906
20,35914643,T,C,COSMIC,0,mut795,35914643
12,57926970,C,A,COSMIC,0,mut796,57926970
2,165580396,C,A,COSMIC,0,mut797,165580396
5,93905150,A,G,COSMIC,0,mut798,93905150
13,54062514,A,G,COSMIC,0,mut799,54062514
3,106003278,A,T,COSMIC,0,mut800,106003278
13,64509897,T,G,COSMIC,0,mut801,64509897
2,2629982,T,C,COSMIC,0,mut802,2629982
5,147761567,C,T,COSMIC,0,mut803,147761567
15,98678078,C,T,COSMIC,0,mut804,98678078
10,42905086,C,G,COSMIC,0,mut805,42905086
1,48701458,C,G,COSMIC,0,mut806,48701458
22,29708517,C,T,COSMIC,0,mut807,29708517
11,47740917,C,A,COSMIC,0,mut808,47740917
7,92764944,G,A,COSMIC,0,mut809,92764944
12,6637293,G,T,COSMIC,0,mut810,6637293
10,21693335,G,C,COSMIC,0,mut811,21693335
8,77767184,GG,G,COSMIC,0,mut812,77767184
4,55966799,A,T,COSMIC,0,mut813,55966799
17,74625625,TCT,T,COSMIC,0,mut814,74625625
17,61907825,T,C,COSMIC,0,mut815,61907825
6,67883070,T,G,COSMIC,0,mut816,67883070
1,45484708,A,G,COSMIC,0,mut817,45484708
14,105839184,A,C,COSMIC,0,mut818,105839184
5,76508692,C,G,COSMIC,0,mut819,76508692
12,7063999,G,T,COSMIC,0,mut820,7063999
5,1032273,C,T,COSMIC,0,mut821,1032273
12,7051066,C,T,COSMIC,0,mut822,7051066
17,56606430,G,T,COSMIC,0,mut823,56606430
19,33703513,G,A,COSMIC,0,mut824,33703513
16,19628261,A,G,COSMIC,0,mut825,19628261
9,101858367,G,T,COSMIC,0,mut826,101858367
6,30884917,G,C,COSMIC,0,mut827,30884917
4,8376524,C,T,COSMIC,0,mut828,8376524
19,21901032,T,A,COSMIC,0,mut829,21901032
2,89157139,G,T,COSMIC,0,mut830,89157139
16,53266048,G,T,COSMIC,0,mut831,53266048
11,18380294,A,G,COSMIC,0,mut832,18380294
8,28574643,G,A,COSMIC,0,mut833,28574643
3,8720187,C,T,COSMIC,0,mut834,8720187
13,57714585,C,A,COSMIC,0,mut835,57714585
X,145999464,G,T,COSMIC,0,mut836,145999464
19,56935172,G,A,COSMIC,0,mut837,56935172
X,56296562,TT,T,COSMIC,0,mut838,56296562
7,44146480,G,A,COSMIC,0,mut839,44146480
X,11781636,C,T,COSMIC,0,mut840,11781636
X,111991196,G,A,COSMIC,0,mut841,111991196
3,136708366,G,A,COSMIC,0,mut842,136708366
8,116058237,A,G,COSMIC,0,mut843,116058237
16,67227029,G,A,COSMIC,0,mut844,67227029
1,161019097,G,T,COSMIC,0,mut845,161019097
9,103419099,C,A,COSMIC,0,mut846,103419099
17,76156984,G,A,COSMIC,0,mut847,76156984
11,47600540,C,T,COSMIC,0,mut848,47600540
19,37379576,A,T,COSMIC,0,mut849,37379576
12,122667411,C,G,COSMIC,0,mut850,122667411
19,41306918,G,T,COSMIC,0,mut851,41306918
6,19211849,C,T,COSMIC,0,mut852,19211849
4,61609495,C,T,COSMIC,0,mut853,61609495
3,9989017,G,T,COSMIC,0,mut854,9989017
12,102025497,G,A,COSMIC,0,mut855,102025497
2,109061063,A,C,COSMIC,0,mut856,109061063
21,30428489,T,G,COSMIC,0,mut857,30428489
14,106329405,T,C,COSMIC,0,mut858,106329405
22,32014325,C,T,COSMIC,0,mut859,32014325
6,82165997,C,T,COSMIC,0,mut860,82165997
1,199575563,A,AACCAAAACAGCATGGTACTGGT,COSMIC,0,mut861,199575563
3,187464814,C,T,COSMIC,0,mut862,187464814
5,55459933,A,C,COSMIC,0,mut863,55459933
2,71840508,A,T,COSMIC,0,mut864,71840508
10,135491126,C,T,COSMIC,0,mut865,135491126
X,142919453,A,G,COSMIC,0,mut866,142919453
1,174988876,C,G,COSMIC,0,mut867,174988876
9,1582636,G,C,COSMIC,0,mut868,1582636
2,89164164,C,G,COSMIC,0,mut869,89164164
2,201132426,A,C,COSMIC,0,mut870,201132426
3,49839575,C,T,COSMIC,0,mut871,49839575
5,160717829,C,T,COSMIC,0,mut872,160717829
3,48638119,C,A,COSMIC,0,mut873,48638119
14,23451448,G,A,COSMIC,0,mut874,23451448
1,209025301,C,T,COSMIC,0,mut875,209025301
14,92727419,T,C,COSMIC,0,mut876,92727419
8,72959392,T,A,COSMIC,0,mut877,72959392
17,77061530,C,T,COSMIC,0,mut878,77061530
19,35758054,C,T,COSMIC,0,mut879,35758054
5,158555539,C,A,COSMIC,0,mut880,158555539
7,150094863,C,T,COSMIC,0,mut881,150094863
X,125833700,A,G,COSMIC,0,mut882,125833700
17,43473138,G,A,COSMIC,0,mut883,43473138
2,224963984,G,A,COSMIC,0,mut884,224963984
1,235918941,C,G,COSMIC,0,mut885,235918941
3,48682180,C,T,COSMIC,0,mut886,48682180
4,109317657,C,T,COSMIC,0,mut887,109317657
17,34799377,G,A,COSMIC,0,mut888,34799377
16,67315127,TCT,T,COSMIC,0,mut889,67315127
8,128039639,G,A,COSMIC,0,mut890,128039639
11,45945969,C,T,COSMIC,0,mut891,45945969
2,71190301,G,C,COSMIC,0,mut892,71190301
6,92789728,G,T,COSMIC,0,mut893,92789728
2,130899768,C,T,COSMIC,0,mut894,130899768
15,77155018,G,A,COSMIC,0,mut895,77155018
2,172950309,C,A,COSMIC,0,mut896,172950309
3,176138802,AA,A,COSMIC,0,mut897,176138802
16,1828307,C,A,COSMIC,0,mut898,1828307
1,120458004,A,T,COSMIC,0,mut899,120458004
5,140052361,C,G,COSMIC,0,mut900,140052361
1,212962073,A,T,COSMIC,0,mut901,212962073
15,66158429,A,G,COSMIC,0,mut902,66158429
6,38890951,C,T,COSMIC,0,mut903,38890951
7,68731580,C,A,COSMIC,0,mut904,68731580
16,68898073,G,A,COSMIC,0,mut905,68898073
3,14535272,C,T,COSMIC,0,mut906,14535272
3,113005657,C,T,COSMIC,0,mut907,113005657
11,119063973,C,T,COSMIC,0,mut908,119063973
17,73626928,G,A,COSMIC,0,mut909,73626928
8,76778608,C,A,COSMIC,0,mut910,76778608
22,18261588,G,A,COSMIC,0,mut911,18261588
2,6194039,G,A,COSMIC,0,mut912,6194039
8,76819312,G,A,COSMIC,0,mut913,76819312
15,90611014,G,A,COSMIC,0,mut914,90611014
1,80491940,G,T,COSMIC,0,mut915,80491940
5,79950707,CTGCAGCGGCCGCAGCGGCCGCAGCGCC,C,COSMIC,0,mut916,79950707
7,117538179,T,TT,COSMIC,0,mut917,117538179
14,20825732,T,C,COSMIC,0,mut918,20825732
19,58102522,C,T,COSMIC,0,mut919,58102522
1,207078366,A,G,COSMIC,0,mut920,207078366
11,63381505,C,T,COSMIC,0,mut921,63381505
11,57069317,G,A,COSMIC,0,mut922,57069317
12,102117589,C,T,COSMIC,0,mut923,102117589
4,96815244,A,G,COSMIC,0,mut924,96815244
10,118357387,C,T,COSMIC,0,mut925,118357387
13,61677467,C,T,COSMIC,0,mut926,61677467
X,152710276,C,T,COSMIC,0,mut927,152710276
12,50299728,C,A,COSMIC,0,mut928,50299728
10,8064120,C,T,COSMIC,0,mut929,8064120
8,118626310,C,T,COSMIC,0,mut930,118626310
2,35718717,G,T,COSMIC,0,mut931,35718717
7,48816378,G,T,COSMIC,0,mut932,48816378
6,35739955,C,G,COSMIC,0,mut933,35739955
X,82185988,C,A,COSMIC,0,mut934,82185988
14,24897002,G,T,COSMIC,0,mut935,24897002
19,53311333,T,C,COSMIC,0,mut936,53311333
3,179320485,A,AA,COSMIC,0,mut937,179320485
3,75212938,G,GGT,COSMIC,0,mut938,75212938
7,6836280,C,T,COSMIC,0,mut939,6836280
14,104208264,G,C,COSMIC,0,mut940,104208264
3,49163974,C,A,COSMIC,0,mut941,49163974
2,7019604,C,A,COSMIC,0,mut942,7019604
1,1342375,A,G,COSMIC,0,mut943,1342375
17,15642157,G,A,COSMIC,0,mut944,15642157
9,43627017,C,T,COSMIC,0,mut945,43627017
17,27073715,C,T,COSMIC,0,mut946,27073715
10,135166817,C,T,COSMIC,0,mut947,135166817
22,38243744,G,A,COSMIC,0,mut948,38243744
4,170520353,A,G,COSMIC,0,mut949,170520353
2,233626112,C,T,COSMIC,0,mut950,233626112
16,89857865,G,C,COSMIC,0,mut951,89857865
3,34641274,G,A,COSMIC,0,mut952,34641274
13,106378883,T,A,COSMIC,0,mut953,106378883
2,98382241,T,C,COSMIC,0,mut954,98382241
7,153133839,T,G,COSMIC,0,mut955,153133839
17,19552249,G,T,COSMIC,0,mut956,19552249
2,132247410,C,T,COSMIC,0,mut957,132247410
5,158511187,A,AA,COSMIC,0,mut958,158511187
7,99699366,C,T,COSMIC,0,mut959,99699366
4,136420451,T,C,COSMIC,0,mut960,136420451
5,51696607,G,A,COSMIC,0,mut961,51696607
12,15000608,G,T,COSMIC,0,mut962,15000608
18,62602656,C,A,COSMIC,0,mut963,62602656
17,41368579,C,T,COSMIC,0,mut964,41368579
2,120139016,C,A,COSMIC,0,mut965,120139016
11,74880318,C,A,COSMIC,0,mut966,74880318
5,117043850,G,C,COSMIC,0,mut967,117043850
X,49957400,C,T,COSMIC,0,mut968,49957400
16,8204700,T,G,COSMIC,0,mut969,8204700
12,9823971,C,T,COSMIC,0,mut970,9823971
X,54554114,A,T,COSMIC,0,mut971,54554114
6,41209594,G,A,COSMIC,0,mut972,41209594
7,143582161,C,T,COSMIC,0,mut973,143582161
5,168148421,C,T,COSMIC,0,mut974,168148421
14,25832006,G,C,COSMIC,0,mut975,25832006
1,19114389,G,A,COSMIC,0,mut976,19114389
16,67864583,C,T,COSMIC,0,mut977,67864583
1,146643634,C,T,COSMIC,0,mut978,146643634
19,13258991,C,A,COSMIC,0,mut979,13258991
20,44151948,C,A,COSMIC,0,mut980,44151948
X,101858458,C,A,COSMIC,0,mut981,101858458
8,144680543,A,T,COSMIC,0,mut982,144680543
10,102293465,C,T,COSMIC,0,mut983,102293465
1,48540203,G,A,COSMIC,0,mut984,48540203
17,80010280,C,T,COSMIC,0,mut985,80010280
17,42290341,G,A,COSMIC,0,mut986,42290341
12,58009675,T,C,COSMIC,0,mut987,58009675
16,3350278,ACC,ATT,COSMIC,0,mut988,3350278
17,15930909,C,G,COSMIC,0,mut989,15930909
16,50354590,T,G,COSMIC,0,mut990,50354590
5,52582825,G,C,COSMIC,0,mut991,52582825
22,43253334,G,A,COSMIC,0,mut992,43253334
3,48506379,G,A,COSMIC,0,mut993,48506379
3,80033051,T,G,COSMIC,0,mut994,80033051
20,36776407,G,A,COSMIC,0,mut995,36776407
17,4448302,C,CCCCCCCCCCCCCCCCCCCCC,COSMIC,0,mut996,4448302
X,56511496,G,A,COSMIC,0,mut997,56511496
16,2802695,G,A,COSMIC,0,mut998,2802695
19,56156476,G,C,COSMIC,0,mut999,56156476
8,144895795,G,T,COSMIC,0,mut1000,144895795
22,34968159,T,C,COSMIC,0,mut1001,34968159
17,7468351,A,T,COSMIC,0,mut1002,7468351
2,217394227,C,T,COSMIC,0,mut1003,217394227
12,53400086,C,G,COSMIC,0,mut1004,53400086
13,70213576,T,G,COSMIC,0,mut1005,70213576
5,154194333,C,G,COSMIC,0,mut1006,154194333
1,222838942,C,A,COSMIC,0,mut1007,222838942
2,53404641,G,A,COSMIC,0,mut1008,53404641
16,83065753,G,A,COSMIC,0,mut1009,83065753
1,240076797,C,T,COSMIC,0,mut1010,240076797
14,106327131,G,A,COSMIC,0,mut1011,106327131
11,5727829,G,T,COSMIC,0,mut1012,5727829
6,10398763,A,T,COSMIC,0,mut1013,10398763
16,30908946,C,T,COSMIC,0,mut1014,30908946
17,40179203,C,T,COSMIC,0,mut1015,40179203
X,48933234,C,T,COSMIC,0,mut1016,48933234
17,27085367,G,A,COSMIC,0,mut1017,27085367
1,67269547,G,C,COSMIC,0,mut1018,67269547
22,18392038,C,T,COSMIC,0,mut1019,18392038
2,61765057,G,T,COSMIC,0,mut1020,61765057
10,22676736,T,G,COSMIC,0,mut1021,22676736
12,113711438,T,C,COSMIC,0,mut1022,113711438
17,80615095,C,A,COSMIC,0,mut1023,80615095
9,125280150,C,T,COSMIC,0,mut1024,125280150
9,4118458,G,A,COSMIC,0,mut1025,4118458
3,32188184,G,A,COSMIC,0,mut1026,32188184
6,135515007,T,G,COSMIC,0,mut1027,135515007
2,119441107,C,T,COSMIC,0,mut1028,119441107
4,136176578,C,T,COSMIC,0,mut1029,136176578
5,143538491,AA,A,COSMIC,0,mut1030,143538491
6,72594972,G,C,COSMIC,0,mut1031,72594972
12,56510936,TTTTTTT,T,COSMIC,0,mut1032,56510936
9,35664685,C,T,COSMIC,0,mut1033,35664685
16,2304002,C,T,COSMIC,0,mut1034,2304002
11,799907,A,G,COSMIC,0,mut1035,799907
20,44515440,C,A,COSMIC,0,mut1036,44515440
5,163389491,A,G,COSMIC,0,mut1037,163389491
19,47197136,G,A,COSMIC,0,mut1038,47197136
7,39733455,G,A,COSMIC,0,mut1039,39733455
3,78132152,C,A,COSMIC,0,mut1040,78132152
2,76603605,C,T,COSMIC,0,mut1041,76603605
6,112671182,G,T,COSMIC,0,mut1042,112671182
11,3378791,C,T,COSMIC,0,mut1043,3378791
4,42739431,G,T,COSMIC,0,mut1044,42739431
11,77554685,T,A,COSMIC,0,mut1045,77554685
16,10525283,G,A,COSMIC,0,mut1046,10525283
19,12691497,G,C,COSMIC,0,mut1047,12691497
21,10995521,T,C,COSMIC,0,mut1048,10995521
17,21238313,C,G,COSMIC,0,mut1049,21238313
7,99689087,C,G,COSMIC,0,mut1050,99689087
19,23899918,C,A,COSMIC,0,mut1051,23899918
1,156708203,C,T,COSMIC,0,mut1052,156708203
2,134275582,C,A,COSMIC,0,mut1053,134275582
12,57519024,T,A,COSMIC,0,mut1054,57519024
X,72254391,C,T,COSMIC,0,mut1055,72254391
6,87347882,C,A,COSMIC,0,mut1056,87347882
10,64398785,G,A,COSMIC,0,mut1057,64398785
3,25706824,C,A,COSMIC,0,mut1058,25706824
7,31691394,A,T,COSMIC,0,mut1059,31691394
17,26989729,T,C,COSMIC,0,mut1060,26989729
3,180585989,C,T,COSMIC,0,mut1061,180585989
1,200977986,G,T,COSMIC,0,mut1062,200977986
14,106147291,G,A,COSMIC,0,mut1063,106147291
X,128834690,C,A,COSMIC,0,mut1064,128834690
5,133485883,C,G,COSMIC,0,mut1065,133485883
10,104230729,G,A,COSMIC,0,mut1066,104230729
19,30558759,T,C,COSMIC,0,mut1067,30558759
8,6814323,C,G,COSMIC,0,mut1068,6814323
1,236762964,T,A,COSMIC,0,mut1069,236762964
11,4112634,G,A,COSMIC,0,mut1070,4112634
2,172291597,G,A,COSMIC,0,mut1071,172291597
20,33461937,A,G,COSMIC,0,mut1072,33461937
X,100611173,G,A,COSMIC,0,mut1073,100611173
16,62818734,C,T,COSMIC,0,mut1074,62818734
X,79514091,C,T,COSMIC,0,mut1075,79514091
1,38462532,A,C,COSMIC,0,mut1076,38462532
19,3299586,T,C,COSMIC,0,mut1077,3299586
12,54680937,G,A,COSMIC,0,mut1078,54680937
19,30500243,A,G,COSMIC,0,mut1079,30500243
22,51014870,C,A,COSMIC,0,mut1080,51014870
4,95496939,C,T,COSMIC,0,mut1081,95496939
6,53026396,C,T,COSMIC,0,mut1082,53026396
2,220077160,G,T,COSMIC,0,mut1083,220077160
16,31471209,C,T,COSMIC,0,mut1084,31471209
18,59584293,G,C,COSMIC,0,mut1085,59584293
