chr,start,end,pos_37,driver,CTCF_interactions,CTCF_chains,POLR2A_interactions,POLR2A_chains
1,43981392,43981392,44447064,0,509653,389533,441675,297371
1,193142068,193142068,193111198,1,1853064,1408350,494199,327505
1,239913497,239913497,240076797,0,1580027,1174006,199017,142874
1,189107161,189107161,189076292,0,229429,175222,6,4
1,212035724,212035724,212209066,1,3519256,2629966,1089722,728628
1,226166032,226166032,226353733,0,3041567,2299348,676597,458485
1,178478162,178478162,178447297,0,833764,642882,6,3
1,16150965,16150965,16477460,1,3085409,2319429,662031,455808
1,151776199,151776199,151748675,0,1731920,1307759,527258,353990
1,150279797,150279797,150252208,0,3193413,2409451,726237,498633
1,182474402,182474402,182443537,0,1621755,1239219,2,2
1,48235786,48235786,48701458,0,3092010,2329657,172470,124758
1,201008858,201008858,200977986,0,3055763,2307037,467391,310029
1,222665600,222665600,222838942,0,751016,566586,383313,261880
1,212035648,212035648,212208990,1,3519218,2629910,1089760,728731
1,212035758,212035758,212209100,1,3519259,2629939,1089726,728619
1,119915381,119915381,120458004,0,1039431,775580,1,1
1,235755641,235755641,235918941,0,2541788,1913322,199124,142931
1,208851956,208851956,209025301,0,452488,330143,1,1
1,153095146,153095146,153067622,0,449669,343987,172793,114521
1,45019036,45019036,45484708,0,3510099,2622601,968762,658945
1,147172055,147172055,146643634,0,3034277,2289111,1006060,675496
1,74862256,74862256,75327940,0,1162506,881959,2,2
1,161049307,161049307,161019097,0,1464687,1104637,417468,275880
1,199606435,199606435,199575563,0,0,0,77609,50874
1,213678306,213678306,213851649,0,644371,481115,2,2
1,158359142,158359142,158328932,0,1204085,912968,63565,42727
1,66803864,66803864,67269547,0,749824,581025,181548,110548
1,77926495,77926495,78392180,0,550834,430515,341609,225295
1,114736756,114736756,115279377,1,1230000,925326,517828,353442
1,156738411,156738411,156708203,0,1600074,1195303,562865,389601
1,109745606,109745606,110288228,0,104591,78822,0,0
1,175019740,175019740,174988876,0,676776,517824,535164,356020
1,45501705,45501705,45967377,0,3239496,2425602,1095933,734337
1,212788731,212788731,212962073,0,1674797,1286044,411155,260404
1,155177229,155177229,155149705,0,3470307,2591893,903984,613907
1,80026255,80026255,80491940,0,14,5,90614,53013
1,26729650,26729650,27056141,1,2297874,1742363,736208,491234
1,26775221,26775221,27101712,1,885401,652009,348014,225314
1,26772633,26772633,27099124,1,2327517,1736296,633216,427480
1,26773579,26773579,27100070,1,1293770,943294,236324,150764
1,161120664,161120664,161090454,0,2758811,2108866,831574,567969
1,153618935,153618935,153591411,0,3421980,2557116,1015313,690181
1,18787895,18787895,19114389,0,270686,188913,90653,52882
1,48074531,48074531,48540203,0,1817703,1370519,3,1
1,35743531,35743531,36209132,1,2542384,1892620,313936,220088
1,119923986,119923986,120466609,1,1251907,937678,141032,93503
1,236599664,236599664,236762964,0,2068374,1562755,456039,297926
1,77949301,77949301,78414986,1,1439743,1099803,492742,323021
1,191421235,191421235,191390365,0,349178,265298,154062,95579
1,2557835,2557835,2489274,1,1549420,1186329,201641,142235
1,151050674,151050674,151023150,0,2564345,1950627,862902,588491
1,2560716,2560716,2492155,1,2498482,1887759,448912,304287
1,30119479,30119479,30592326,0,1469418,1109906,168036,101487
1,1406995,1406995,1342375,0,2139243,1619181,900358,613719
1,206905021,206905021,207078366,0,2588446,1942906,531782,358652
1,37996860,37996860,38462532,0,1857848,1410324,384774,253974
1,109750737,109750737,110293359,0,2913226,2197375,556892,387121
1,69435510,69435510,69901193,0,3,3,4,2
1,195311162,195311162,195280292,0,142926,107551,63493,42611
10,21404406,21404406,21693335,0,125265,93812,6,3
10,45973290,45973290,51622545,0,365286,267835,171077,108899
10,87957852,87957852,89717609,1,224576,167762,147187,92740
10,22387807,22387807,22676736,0,291596,207587,149673,91964
10,87965285,87965285,89725042,1,166981,120079,37145,25627
10,68749135,68749135,70508892,1,159687,105820,102439,64197
10,87952117,87952117,89711874,1,653390,455657,146216,91690
10,87894111,87894111,89653868,1,47631,34726,52538,30739
10,35029642,35029642,35318570,1,1128455,821273,3,3
10,86921696,86921696,88681453,1,444945,322291,75780,46186
10,61902158,61902158,63661917,1,1544596,1112671,325883,205677
10,87952260,87952260,89712017,1,653382,455652,98500,62044
10,87960893,87960893,89720650,1,416801,307113,191791,120888
10,133753801,133753801,135491126,0,0,0,0,0
10,87952116,87952116,89711873,1,653390,455657,146216,91690
10,87932998,87933019,89692755,1,63340,45952,121970,75482
10,116597875,116597875,118357387,0,761363,536784,9368,6744
10,8022157,8022157,8064120,0,327862,223596,84895,50003
10,3784912,3784912,3827104,1,1221687,893063,353006,223993
10,133353313,133353313,135166817,0,1207407,878298,137714,90453
10,8069470,8069471,8111433,1,266132,190830,105109,67600
10,100533708,100533708,102293465,0,1457019,1053631,134577,81943
10,22227110,22227110,22516039,0,140868,95027,76984,52939
10,46596452,46596452,46953163,0,0,0,0,0
10,42409638,42409638,42905086,0,260288,180523,1,1
10,109301905,109301905,111061663,0,51728,38939,1,1
10,94100107,94100107,95859864,0,270393,197125,0,0
10,62639025,62639025,64398785,0,1167002,854859,139187,82341
10,63175411,63175411,64935171,0,1239558,915784,138864,84815
10,102470972,102470972,104230729,0,1016452,738984,161786,105308
10,80082167,80082167,81841923,0,832774,581663,151980,100386
10,118045926,118045926,119805437,0,461860,340161,62387,42748
10,42206713,42206713,42702161,0,2,1,0,0
10,56119045,56119045,57878806,0,153056,108361,46733,26750
11,47719365,47719365,47740917,0,138815,99924,145676,93869
11,22488687,22488687,22510233,0,281991,220159,4,4
11,119193263,119193263,119063973,0,1188284,878799,122971,88556
11,75169273,75169273,74880318,0,1532500,1156251,97984,66881
11,6620682,6620682,6641913,0,1511345,1147474,385270,260740
11,4091404,4091404,4112634,0,1192241,903850,101211,64152
11,62805356,62805356,62572828,0,1542434,1170812,501671,339611
11,64807010,64807010,64574482,1,541703,412287,147942,97362
11,131351720,131351720,131221615,0,733651,559704,48573,35122
11,63614033,63614033,63381505,0,709820,550185,171831,117170
11,57301843,57301843,57069317,0,161593,125492,97470,64520
11,64807888,64807890,64575360,1,950929,705300,242014,155681
11,21610117,21610117,21631663,0,0,0,0,0
11,64805771,64805771,64573243,1,555000,421233,64864,44199
11,64806231,64806231,64573703,1,434600,316735,57429,36360
11,47588482,47588482,47610034,0,507429,379504,129503,87155
11,108252914,108252914,108123641,1,622064,471962,108497,70763
11,108329020,108329020,108199747,1,1036285,780058,118795,74659
11,619527,619527,619527,0,123454,100275,27193,14969
11,108229176,108229176,108099903,1,373033,273114,140451,89692
11,627129,627129,627129,0,488413,390085,109366,74985
11,108271147,108271147,108141874,1,619106,453458,86592,55259
11,108292618,108292618,108163345,1,783283,591386,86684,55230
11,72231497,72231497,71942541,1,374865,275219,79864,51201
11,108974595,108974595,108845322,0,125561,98439,10,7
11,108294925,108294925,108165652,1,283736,216417,1,1
11,799907,799907,799907,0,571094,440848,137615,91848
11,3357561,3357561,3378791,0,115458,90107,64489,42405
11,77843639,77843639,77554685,0,0,0,1,1
11,6613855,6613855,6635086,0,1177477,907000,296333,202789
11,18358747,18358747,18380294,0,833789,623578,324241,219185
11,108287599,108287599,108158326,1,123686,96283,13611,10285
11,48163619,48163619,48185171,1,1232667,923974,46664,27216
11,48155800,48155800,48177352,1,58770,44519,0,0
11,84715958,84715958,84427001,0,5,2,0,0
11,47578988,47578988,47600540,0,1520023,1168551,475108,320775
11,59591641,59591641,59359114,0,46737,34215,88954,54960
11,94462362,94462362,94195528,0,202227,143356,0,0
11,45924418,45924418,45945969,0,1408384,1065659,225011,151221
11,108319942,108319953,108190669,1,158944,123640,42,30
11,47237836,47237836,47259387,1,1261022,954383,387293,259882
11,107657678,107657678,107528404,0,952840,716644,46722,27152
11,5706599,5706599,5727829,0,82281,67586,17164,11284
11,44171610,44171610,44193160,1,1277430,955418,46774,27302
11,36859857,36859857,36881407,0,1,1,2,2
11,58227657,58227657,57995129,0,272757,193455,5,4
11,124904889,124904889,124774785,0,386747,291755,36884,25546
12,96089979,96089979,96483757,0,820049,593974,107197,65807
12,45849578,45849578,46243361,1,0,0,0,0
12,45837319,45837319,46231102,1,712584,521693,138256,82705
12,53593,53593,162759,0,356796,264299,4,4
12,45849579,45849579,46243362,1,0,0,0,0
12,14847674,14847674,15000608,0,1646679,1209182,245639,162911
12,55724029,55724029,56117813,0,1479234,1090840,304599,204653
12,6872781,6872781,6981945,0,1728643,1261092,553381,369236
12,45731216,45731216,46124999,1,918597,687125,313648,207641
12,9671375,9671375,9823971,0,300702,228635,120880,75887
12,6528127,6528127,6637293,0,1135834,828566,253953,169252
12,57622932,57622932,58016715,0,1693457,1235677,255076,169217
12,110441456,110441456,110879261,0,1264136,945403,185837,121170
12,6941903,6941903,7051066,0,1361426,1005483,406486,274596
12,45731215,45731215,46124998,1,918597,687125,313648,207641
12,122182864,122182864,122667411,0,1422758,1049864,229968,154498
12,57533187,57533187,57926970,0,1141178,836176,416990,277141
12,101631719,101631719,102025497,0,737365,536543,83821,49641
12,6388832,6388832,6497998,0,512638,364052,148876,98951
12,92699151,92699151,93092927,0,139562,99499,0,0
12,6851213,6851213,6960377,0,1727855,1260901,553221,369206
12,114676311,114676311,115114116,1,1310246,960981,196883,135237
12,45127285,45127285,45521068,0,564425,423805,3,2
12,67099848,67099848,67493628,0,538399,392084,107126,65802
12,48145125,48145125,48538908,0,1116512,816504,231239,148815
12,57729346,57729346,58123129,0,1219923,894424,178556,122055
12,57734667,57734667,58128450,0,1476717,1079078,402149,266706
12,55637438,55637438,56031222,0,305452,215780,75661,47095
12,53482768,53482768,53876552,0,1616653,1184470,514185,344741
12,7092839,7092839,7245435,0,1641341,1205129,370641,249417
12,101723811,101723811,102117589,0,1348956,985348,176768,112318
12,49905945,49905945,50299728,0,1494975,1103575,310278,200587
12,5421786,5421786,5530952,0,642870,473545,31117,16944
12,50293311,50293311,50687094,0,918115,674838,380963,251786
12,98648625,98648625,99042403,1,1172823,856236,295356,190361
12,65496,65496,174662,0,148965,96965,1,1
12,6954836,6954836,7063999,0,1179391,879338,394201,262354
12,121404938,121404938,121842741,1,1016220,750514,360008,235919
12,121404937,121404937,121842740,1,1016220,750514,360009,235922
12,113273633,113273633,113711438,0,396537,276372,127031,85725
12,54287153,54287153,54680937,0,1699595,1243357,559438,373496
12,121404905,121404905,121842708,1,923864,685783,351208,229880
12,57615892,57615892,58009675,0,1499065,1107720,281068,182741
12,121404872,121404872,121842675,1,966741,712801,354213,231955
12,49034478,49034478,49428261,1,1302299,960375,306135,205566
12,56117152,56117152,56510936,0,1573266,1154811,560669,374775
12,121404927,121404927,121842730,1,1016220,750514,360006,235898
12,57125241,57125241,57519024,0,1720110,1256078,259713,173741
12,49041916,49041916,49435699,1,1114485,816206,239773,159196
12,49039359,49039359,49433142,1,1373981,1005459,341882,223347
12,51976576,51976576,52370360,1,1540834,1133449,192772,132373
12,53006302,53006302,53400086,0,1668237,1221057,554931,370740
12,49054141,49054141,49447924,1,1182461,858424,97058,60573
12,49034065,49034065,49427848,1,1400680,1027006,333579,225093
12,121404919,121404919,121842722,1,1016217,750513,360006,235898
12,49027802,49027802,49421585,1,1406014,1031002,210899,141616
12,121404939,121404939,121842742,1,1016220,750514,359996,235908
12,49043362,49043362,49437145,1,1690132,1237962,343014,225838
13,48380243,48380243,48954379,1,37086,26408,37316,22241
13,48379592,48379592,48953728,1,55716,45351,37312,22224
13,72771794,72771794,73345932,1,120964,84210,70283,44455
13,48379651,48379683,48953787,1,55665,45325,37310,22222
13,72781357,72781357,73355495,1,137999,93033,79031,49971
13,102863104,102863104,103515454,1,126506,89394,32,24
13,102853756,102853756,103506106,1,202305,141427,12897,8685
13,32319326,32319326,32893463,1,306039,211458,93104,57946
13,93172058,93172058,93824311,0,2,2,0,0
13,32357930,32357930,32932067,1,0,0,0,0
13,48381246,48381246,48955382,1,306636,213795,83912,52213
13,48342716,48342716,48916852,1,287634,206559,57659,35988
13,32380005,32380005,32954142,1,356063,250302,33702,22748
13,105726534,105726534,106378883,0,17987,12199,5,4
13,57140451,57140451,57714585,0,0,0,0,0
13,113190233,113190233,113844547,0,51632,36792,36297,23592
13,48463730,48463730,49037866,1,172133,119298,57637,35905
13,48360015,48360015,48934151,1,43757,33483,37284,22234
13,61103333,61103333,61677467,0,0,0,0,0
13,60835851,60835851,61409985,0,2,2,2,2
13,48368526,48368526,48942662,1,1,1,0,0
13,48376917,48376917,48951053,1,124450,89301,60957,38296
13,48342598,48342598,48916734,1,266509,192848,57659,35988
13,48473351,48473377,49047487,1,31579,23001,3276,1800
13,53488379,53488379,54062514,0,0,0,0,0
13,69639444,69639444,70213576,0,1,1,0,0
13,57631513,57631513,58205647,0,103993,76992,6,2
13,63043382,63043382,63617515,0,5,3,37376,22283
13,21140438,21140438,21714577,0,539235,380479,139797,87466
13,63935764,63935764,64509897,0,12351,6722,0,0
13,63412752,63412752,63986885,0,0,0,37310,22247
14,94234649,94234649,94700986,0,130320,98152,38368,24491
14,22982239,22982239,23451448,0,1134835,832987,276971,188678
14,20343293,20343293,20811452,1,1122864,824755,340233,227375
14,105680954,105680954,106147291,0,0,0,0,0
14,37590813,37590829,38060018,1,301648,217644,76882,51457
14,37591237,37591237,38060442,1,862826,631889,79787,53486
14,37590021,37590022,38059226,1,641960,469464,86374,58416
14,20343084,20343084,20811243,1,1122832,824694,340367,227403
14,20357573,20357573,20825732,0,446493,329987,183008,121847
14,20343177,20343177,20811336,1,1122817,824712,340457,227527
14,24337937,24337937,24807143,0,1084461,798745,198563,137836
14,24315849,24315849,24785055,0,904778,673164,147808,100623
14,24427796,24427796,24897002,0,1065834,786703,236530,160262
14,92261075,92261075,92727419,0,266080,191870,13037,8593
14,21391947,21391947,21860106,1,443548,321441,195911,126287
14,103076604,103076604,103542941,0,1035479,766659,158785,106847
14,37590378,37590378,38059583,1,478111,339278,77866,52142
14,103741927,103741927,104208264,0,603740,450503,51196,33716
14,105860921,105860921,106327131,0,151467,114775,59323,36594
14,55121271,55121271,55587989,0,354330,260454,192415,124872
14,37595201,37595201,38064406,1,888372,650783,164631,112556
14,95130193,95130193,95596530,1,0,0,0,0
14,37591292,37591292,38060497,1,862818,631838,79784,53489
14,37590025,37590026,38059230,1,641960,469464,86365,58422
14,50442752,50442752,50909470,0,103821,73585,33183,24225
14,37591025,37591025,38060230,1,629925,465388,67366,43571
14,105863195,105863195,106329405,0,73965,57017,64263,39388
14,40640591,40640591,41109796,0,143938,98267,3307,2053
14,37591136,37591142,38060341,1,836143,615711,76876,51458
14,28095330,28095330,28564536,0,0,0,0,0
14,20343141,20343141,20811300,1,1122798,824669,340395,227510
14,20343239,20343239,20811398,1,1122827,824687,340236,227388
14,20343143,20343143,20811302,1,1122798,824669,340395,227511
14,25362800,25362800,25832006,0,228889,166817,2,2
14,105372847,105372847,105839184,0,917968,674106,112065,73678
14,20343125,20343127,20811284,1,1122823,824669,340396,227439
14,20343183,20343183,20811342,1,1122819,824705,340458,227528
14,51951885,51951885,52418603,1,812490,605627,105670,65869
14,51979272,51979272,52445990,1,1105703,814389,177341,115401
14,20343260,20343260,20811419,1,1122872,824715,340241,227383
14,37590219,37590223,38059424,1,560971,405766,86379,58392
15,34245949,34245949,34538150,0,496799,379853,46147,29445
15,98134849,98134849,98678078,0,379101,279439,6,5
15,32170517,32170517,32462718,0,0,0,0,0
15,76862677,76862677,77155018,0,336723,256483,65020,41386
15,36579272,36579272,36871473,0,314481,243430,35656,24919
15,90926324,90926324,91469554,0,1075672,809195,233776,150032
15,65866091,65866091,66158429,0,952464,717547,150397,95872
15,42685748,42685748,42977946,0,484538,362861,40390,27597
15,90067782,90067782,90611014,0,797013,598127,113159,71204
15,41713497,41713497,42005695,1,504177,382711,106391,67246
15,74802029,74802029,75094370,0,892524,671202,14706,9761
15,46324581,46324581,46616779,0,608218,465581,22457,12479
15,44711614,44711614,45003812,1,1124750,843306,290308,188065
15,87784981,87784981,88328212,0,419522,308936,4,4
16,2770707,2770707,2820708,0,443330,326444,216714,146429
16,3239229,3239229,3289229,0,67011,45716,30308,18151
16,10431426,10431426,10525283,0,1,1,0,0
16,26454350,26454350,26465671,0,448716,342412,18788,10528
16,67281224,67281224,67315127,0,1007873,747498,250480,170524
16,83032148,83032148,83065753,0,205388,147901,0,0
16,31086747,31086747,31098068,0,673089,505256,182863,125989
16,67611615,67611615,67645518,1,483914,355889,36286,24663
16,2254001,2254001,2304002,0,509837,387267,281205,192179
16,78115156,78115156,78149053,1,433137,314481,44979,29381
16,67165701,67165701,67199604,0,749499,568733,88151,61966
16,67193126,67193126,67227029,0,915972,682106,321973,216912
16,3738557,3738557,3788558,1,468162,342858,122859,81810
16,297721,297721,347721,1,160938,113405,63560,45033
16,346146,346146,396146,1,532928,396808,186403,124636
16,62784830,62784830,62818734,0,40388,27190,0,0
16,310070,310070,360070,1,631064,469684,117868,82398
16,67208329,67208329,67242232,0,968283,717706,290238,197815
16,2074199,2074199,2124200,1,643131,483468,155991,101810
16,19616939,19616939,19628261,0,818520,617154,41338,28808
16,30897625,30897625,30908946,0,883403,662842,293926,197725
16,22297235,22297235,22308556,1,958377,704228,301414,202942
16,681865,681865,731865,0,710624,534565,272846,186464
16,68822226,68822226,68856129,1,384006,280865,100550,68017
16,68812132,68812141,68846035,1,692046,508859,149705,106311
16,1772313,1772313,1822314,0,803879,606576,330219,223971
16,89770025,89770025,89836433,1,656625,490784,184451,122614
16,53232136,53232136,53266048,0,446470,332467,87467,58484
16,289439,289439,339439,1,159989,124664,113080,75831
16,88864371,88864371,88930779,0,591549,447098,198515,132801
16,74886327,74886327,74920225,0,751959,561361,154847,101789
16,22297372,22297372,22308693,1,945302,695271,312108,210788
16,50320679,50320679,50354590,0,220893,160415,0,0
16,22297261,22297261,22308582,1,958206,704100,301439,202901
16,22297617,22297617,22308938,1,1019227,754875,315108,212930
16,22297357,22297357,22308678,1,945345,695250,312108,210788
16,3749626,3749626,3799627,1,224075,162386,75154,52301
16,8154698,8154698,8204700,0,52683,38599,23209,13811
16,57653802,57653802,57687714,0,759387,572977,153831,101740
16,89871599,89871599,89938007,0,872537,650739,241117,163834
16,3778698,3778698,3828699,1,180723,132241,55950,36531
16,67830680,67830680,67864583,0,891578,662904,137509,89875
16,2752694,2752694,2802695,0,667695,495067,340067,229169
16,89791457,89791457,89857865,0,851326,637737,113422,75537
16,88856873,88856873,88923281,0,1002748,745516,290603,198335
16,3300278,3300278,3350278,0,282472,203400,142377,100091
16,68864170,68864170,68898073,0,267500,208419,36308,24686
16,67665032,67665032,67698935,0,958999,716796,150782,103181
16,50787853,50787853,50821764,1,753921,574119,38456,26021
16,2076067,2076067,2126068,1,415671,317868,108713,71389
16,289608,289608,339608,1,159802,124543,104219,69206
16,1778306,1778306,1828307,0,533154,397591,203521,136245
16,3767718,3767718,3817719,1,330197,245665,37573,23125
16,22297272,22297272,22308593,1,950671,699530,301440,202884
16,57755451,57755451,57789363,0,676408,503647,33407,21263
16,31459888,31459888,31471209,0,999632,744441,355011,238844
16,50350022,50350022,50383933,1,740426,546801,40654,26154
16,50328745,50328745,50362656,1,817139,609524,81322,54133
16,68022289,68022289,68056192,0,956653,710905,302544,204958
17,7314079,7314079,7217398,1,1517578,1177771,563409,397025
17,63830465,63830465,61907825,0,1190603,920398,506490,361285
17,76629543,76629543,74625625,0,719548,574413,82910,58033
17,7687360,7687372,7590678,1,1726791,1333353,639985,448663
17,50862633,50862633,48939994,1,1727199,1334524,542701,386018
17,7687374,7687374,7590692,1,1726743,1333306,639980,448672
17,16027595,16027595,15930909,0,837500,642649,305949,214732
17,31336332,31336332,29663350,1,210787,162390,80834,57489
17,7687371,7687374,7590689,1,1726788,1333350,639978,448676
17,7673534,7673534,7576852,1,1593541,1235367,571186,403055
17,15738843,15738843,15642157,0,112180,82490,1,1
17,78160903,78160903,76156984,0,829368,650545,145716,97521
17,28746697,28746697,27073715,0,1732520,1337325,624426,439118
17,8173569,8173569,8076887,1,1488212,1157930,638824,447462
17,58529069,58529069,56606430,0,1387916,1090234,471817,334206
17,40119084,40119084,38275337,0,890717,687322,310982,218429
17,58362650,58362650,56440011,1,1410621,1090400,474654,341212
17,8173576,8173576,8076894,1,1468567,1142807,638804,447456
17,50862917,50862917,48940278,1,1733535,1338236,580208,408590
17,50862647,50862647,48940008,1,1727207,1334534,542701,386018
17,7674180,7674180,7577498,1,1303228,1012804,289579,199089
17,7674179,7674179,7577497,1,1303228,1012804,289579,199089
17,50862660,50862660,48940021,1,1727207,1334534,542701,386018
17,58363407,58363407,56440768,1,1487543,1163457,565090,399666
17,7687373,7687373,7590691,1,1726743,1333306,639981,448676
17,43216560,43216560,41368579,0,868939,692983,422759,303268
17,82657219,82657219,80615095,0,902839,715328,31976,20066
17,15688579,15688579,15591893,0,122508,93383,17386,12749
17,50862655,50862659,48940016,1,1727207,1334534,542701,386018
17,58331259,58331259,56408620,1,1150925,904013,385553,265074
17,58331295,58331295,56408656,1,1150925,904013,385552,265072
17,58331278,58331278,56408639,1,1150925,904013,385552,265072
17,58331251,58331251,56408612,1,1150925,904013,385555,265073
17,42582593,42582593,40734611,0,1279679,996429,333312,238473
17,58331236,58331236,56408597,1,1150925,904013,385552,265018
17,58331286,58331286,56408647,1,1150925,904013,385552,265072
17,58331263,58331263,56408624,1,1150925,904013,385553,265074
17,58331269,58331269,56408630,1,1150925,904013,385553,265074
17,79077815,79077815,77073897,0,1114263,854999,7622,5550
17,7252515,7252515,7155834,0,42910,36278,234215,164685
17,4397513,4397513,4300808,0,242964,193897,219694,145228
17,58331277,58331277,56408638,1,1150925,904013,385552,265072
17,21335001,21335001,21238313,0,0,0,0,0
17,78827082,78827082,76823164,0,956607,760926,206617,141532
17,82052404,82052404,80010280,0,1246872,978174,545175,388235
17,19648936,19648936,19552249,0,1674720,1295633,500149,357471
17,3446510,3446510,3349804,0,191305,145285,0,0
17,75558844,75558844,73554925,0,687757,544949,223103,167359
17,50862973,50862974,48940334,1,1733463,1338204,577599,406933
17,31214586,31214586,29541604,1,1315723,1030374,227059,163065
17,50862617,50862618,48939978,1,1707343,1319007,542697,386004
17,50862626,50862626,48939987,1,1707380,1318905,542701,386020
17,44212973,44212973,42290341,0,1442900,1132466,449646,322036
17,31358479,31358479,29685497,1,69870,57583,1,1
17,31261858,31261858,29588876,1,285417,225593,35033,25566
17,50540147,50540147,48617508,0,930633,723468,152891,111754
17,31181709,31181709,29508727,1,278291,225312,51984,31989
17,31343136,31343136,29670154,1,496981,381047,84321,57991
17,31230259,31230259,29557277,1,593867,470442,3,3
17,31265228,31265228,29592246,1,685598,542967,71834,51556
17,7687375,7687375,7590693,1,1726743,1333306,639980,448672
17,31330500,31330500,29657518,1,129355,105222,61807,44849
17,31338140,31338140,29665158,1,594803,465027,89464,58761
17,36430838,36430838,34799377,0,0,0,0,0
17,7676274,7676274,7579592,1,1077614,843237,462524,325635
17,50862376,50862376,48939737,1,1657318,1285260,484722,351218
17,7673700,7673700,7577018,1,1593459,1235479,551641,389604
17,63833598,63833598,61910958,0,1270204,990140,498417,354057
17,50862590,50862590,48939951,1,1715250,1323797,542696,386004
17,75897128,75897128,73893209,0,1723342,1332466,617148,434376
17,50862600,50862600,48939961,1,1715249,1323787,542696,386004
17,50862897,50862897,48940258,1,1733534,1338238,580208,408590
17,12081354,12081355,11984671,1,328602,248551,115112,85340
17,12081354,12081354,11984671,1,328602,248551,115112,85340
17,12125372,12125372,12028689,1,286960,223906,2,2
17,8173577,8173577,8076895,1,1468567,1142807,638804,447456
17,63834199,63834199,61911559,0,1594033,1238705,431340,308326
17,8173531,8173531,8076849,1,1488241,1157866,635665,445356
17,7565034,7565034,7468351,0,957984,743810,283320,203905
17,59210722,59210722,57288083,0,1382936,1081335,560920,397233
17,4545007,4545007,4448302,0,1032472,818803,252821,181181
17,46067548,46067548,44144914,1,1044655,813933,200398,144364
17,75630848,75630848,73626928,0,1585167,1232288,237982,174999
17,43063374,43063374,41215391,1,456659,357575,172024,115369
17,73236860,73236860,71232999,0,1296948,1007076,194856,134425
17,43071239,43071239,41223256,1,655885,523618,133959,90151
17,79065448,79065448,77061530,0,1667401,1292080,230180,161786
17,45395772,45395772,43473138,0,1719217,1329475,351788,251075
17,7447225,7447225,7350544,0,1369030,1077581,351092,245352
17,6644556,6644556,6547876,0,419505,324910,31743,17543
17,58331284,58331284,56408645,1,1150925,904013,385552,265072
17,58331260,58331260,56408621,1,1150925,904013,385553,265074
17,58331255,58331255,56408616,1,1150925,904013,385555,265073
17,8174910,8174910,8078228,1,290076,227931,352557,247829
17,7673533,7673533,7576851,1,1593544,1235370,571186,403055
17,75784644,75784644,73780725,0,1638880,1264331,618275,434684
17,28758349,28758349,27085367,0,991303,782292,372721,260323
17,7675993,7675993,7579311,1,1066697,833810,453273,319512
17,7675052,7675052,7578370,1,1179761,927949,358411,254396
17,16065483,16065483,15968797,1,273322,216528,29972,17631
17,7673699,7673699,7577017,1,1593459,1235479,551641,389604
17,7670716,7670716,7574034,1,1035007,813570,265961,187806
17,7674292,7674292,7577610,1,1305671,1013467,376127,263210
17,7670717,7670717,7574035,1,1035007,813570,265961,187806
17,7673610,7673610,7576928,1,1593493,1235393,563966,397782
17,7687375,7687427,7590693,1,1726743,1333306,639980,448672
17,7687376,7687376,7590694,1,1726743,1333306,639980,448672
17,7674291,7674291,7577609,1,1305671,1013467,376127,263210
17,42027185,42027185,40179203,0,1572281,1225897,532136,376529
17,7675238,7675238,7578556,1,1134275,891871,421896,303341
17,28662711,28662711,26989729,0,1605420,1246978,621694,436439
17,7676381,7676381,7579699,1,1106922,865271,440311,309399
17,7687418,7687462,7590736,1,1730109,1335588,639956,448656
17,7674972,7674972,7578290,1,1206732,939869,380209,269140
17,7674857,7674857,7578175,1,1166276,907677,366099,257182
17,7687502,7687503,7590820,1,1730079,1335395,639960,448671
17,7687527,7687543,7590845,1,1730084,1335431,639998,448683
17,7673609,7673609,7576927,1,1593493,1235393,563966,397782
17,7687527,7687557,7590845,1,1730084,1335431,639998,448683
17,50862554,50862556,48939915,1,1715227,1323760,532911,378846
17,7673838,7673838,7577156,1,1540105,1196014,532589,376894
17,7673839,7673839,7577157,1,1540107,1196005,532593,376887
17,50862856,50862856,48940217,1,1733543,1338276,580204,408563
17,7674973,7674973,7578291,1,1206732,939869,380209,269140
17,50862266,50862266,48939627,1,1576559,1225020,434867,316440
17,50862297,50862297,48939658,1,1587496,1232506,434872,316438
17,7674858,7674858,7578176,1,1166276,907677,366099,257182
17,7675237,7675237,7578555,1,1134275,891871,421896,303341
18,51067017,51067017,48593387,1,448336,311824,47460,30068
18,51067189,51067189,48593559,1,373789,260261,36137,23711
18,51048861,51048861,48575231,1,0,0,0,0
18,51059858,51059864,48586228,1,482532,344483,54553,33810
18,61917060,61917060,59584293,0,376231,269138,3,3
18,51059918,51059918,48586288,1,482530,344474,58012,36056
18,79110478,79110478,76870478,0,57575,36055,6,5
18,50966771,50966771,48493141,0,456594,324537,64119,42995
18,53322158,53322158,50848528,1,2,2,1,1
18,44239313,44239313,41819278,0,40666,27447,0,0
18,64935420,64935420,62602656,0,57546,36130,11327,6340
18,47848474,47848474,45374845,1,374236,267716,31567,21294
18,24446874,24446874,22026838,0,565407,402305,42705,26666
18,22993720,22993720,20573683,1,422051,302017,35742,22050
19,7590942,7590942,7655828,0,778063,602046,165240,115325
19,7083618,7083618,7083629,0,207865,160197,102883,71915
19,30067852,30067852,30558759,0,214111,168536,2,2
19,10294546,10294546,10405222,0,488473,389611,139820,96501
19,19515512,19515512,19626321,0,859174,663792,423825,298632
19,14409802,14409802,14520614,0,675467,533145,221062,154506
19,13963144,13963144,14073956,0,453589,357411,296484,206361
19,57754007,57754007,58265375,0,0,0,12018,8211
19,45352307,45352307,45855565,0,553108,424420,150709,101852
19,1797097,1797097,1797096,0,953345,733810,166834,113227
19,52420018,52420018,52923271,0,51565,34769,34857,26110
19,1223170,1223170,1223169,0,983506,755418,289798,205995
19,42368889,42368889,42873041,0,445351,339271,162533,120259
19,8365962,8365962,8430846,0,706227,549668,343206,241712
19,42293804,42293804,42797956,0,928464,716442,328247,237566
19,30009336,30009336,30500243,0,51578,34796,0,0
19,23717116,23717116,23899918,0,0,0,1,1
19,10833055,10833055,10943731,0,440708,349012,139798,99366
19,3299588,3299588,3299586,0,393449,297539,24770,15747
19,17334661,17334661,17445470,0,802622,616042,455362,320680
19,45473565,45473565,45976823,0,861839,667894,281954,194969
19,21718230,21718230,21901032,0,32140,25725,0,0
19,37262574,37262574,37753476,0,1,1,0,0
19,20047563,20047563,20158372,0,120398,99450,185065,130468
19,10995003,10995003,11105679,1,320490,248959,57695,36817
19,33212607,33212607,33703513,0,658316,501663,125488,85841
19,56423803,56423803,56935172,0,160043,118992,6,3
19,36888674,36888674,37379576,0,0,0,18816,13700
19,40801013,40801013,41306918,0,424206,320480,381885,267296
19,52808080,52808080,53311333,0,4,2,18813,13714
19,10759813,10759813,10870489,1,655099,509523,284264,195645
19,55645110,55645110,56156476,0,802739,619084,334964,234783
19,1222007,1222007,1222006,1,894502,689530,256445,176106
19,57591154,57591154,58102522,0,39706,28305,71503,47390
19,11025421,11025421,11136097,1,730823,566214,148143,98874
19,10795371,10795371,10906047,1,609526,472899,104608,70939
19,1221212,1221212,1221211,1,957847,736992,282604,196240
19,1220371,1220371,1220370,1,835682,650474,163657,116861
19,1221948,1221948,1221947,1,885673,683395,256460,176138
19,44780885,44780922,45284142,1,975098,745468,222488,155254
19,46693879,46693879,47197136,0,622689,472226,136123,97388
19,35267151,35267151,35758054,0,631551,489659,258485,177779
19,11213299,11213299,11323975,0,703896,537594,219170,153473
19,22758755,22758755,22941557,0,1,1,6374,3918
19,12580683,12580683,12691497,0,129475,100738,34824,26051
19,36252839,36252839,36743741,0,3,1,54486,39724
19,13148177,13148177,13258991,0,630350,490826,306150,214482
2,144520363,144520363,145277930,0,792883,585011,38165,21493
2,61537922,61537922,61765057,0,1541265,1123599,665646,426944
2,200481071,200481071,201345794,0,2559201,1830643,434731,275277
2,43960539,43960539,44187678,1,1407578,997926,222235,135662
2,125184749,125184749,125942326,0,121452,78916,0,0
2,24820806,24820806,25043675,0,1935407,1388790,257404,159545
2,224478346,224478346,225343063,1,549815,392938,191502,119189
2,35493651,35493651,35718717,0,402881,270952,2,2
2,108444607,108444607,109061063,0,341498,237307,149417,94161
2,157958498,157958498,158815010,0,145641,99365,0,0
2,123981987,123981987,124739564,0,528054,393315,2,2
2,224500488,224500488,225365205,1,812960,584174,198564,123472
2,202518820,202518820,203383543,1,332934,224426,71840,47657
2,6053907,6053907,6194039,0,498083,345283,5,4
2,211562089,211562089,212426814,1,585132,407951,9,6
2,117829357,117829357,118586933,0,1663416,1204998,124100,78903
2,70963171,70963171,71190301,0,2273944,1635278,102576,59340
2,200267703,200267703,201132426,0,355813,243645,81780,48513
2,88864652,88864652,89164164,0,1774415,1287471,119970,69721
2,53177503,53177503,53404641,0,620872,435217,3,2
2,71613378,71613378,71840508,0,769336,553175,1,1
2,130142195,130142195,130899768,0,1,1,106934,62343
2,163610918,163610918,164467428,0,1643335,1189737,257885,157534
2,172085581,172085581,172950309,0,2422916,1744108,549359,355894
2,83381467,83381467,83608591,0,266795,198525,1,1
2,125050002,125050002,125807579,0,487070,335788,164168,101302
2,219212438,219212438,220077160,0,1948385,1382654,379147,237361
2,216529504,216529504,217394227,0,2050605,1478560,139073,86904
2,176610780,176610780,177475508,0,1814382,1304731,155911,90787
2,171435087,171435087,172291597,0,726979,523610,364991,229013
2,25229467,25229467,25452336,0,2545297,1821011,404086,250122
2,208058525,208058525,208923249,0,533384,378549,17664,13536
2,97909283,97909283,98525746,0,85947,61536,53835,35159
2,119381440,119381440,120139016,0,537927,370907,208638,131258
2,241797437,241797437,242736852,0,459060,315725,6,5
2,113182823,113182823,113940400,0,2142726,1555121,224943,142972
2,118683531,118683531,119441107,0,484319,357116,38144,21511
2,76376479,76376479,76603605,0,121593,78784,97694,56254
2,75662270,75662270,75889396,0,254135,182075,75470,45523
2,197453604,197453604,198318328,0,2022088,1470091,651590,418564
2,40429517,40429517,40656657,0,1136813,810572,17504,11677
2,11154359,11154359,11294485,0,2027214,1466563,425816,276802
2,97765778,97765778,98382241,0,2034620,1442208,189557,112937
2,85700460,85700460,85927583,0,1753546,1264391,92773,62648
2,10782773,10782773,10922899,0,1952693,1394306,372453,230223
2,151094342,151094342,151950856,0,452128,317563,1,1
2,2626210,2626210,2629982,0,292555,193669,3,2
2,88864923,88864923,89164435,0,1698655,1238549,119974,69726
2,131489837,131489837,132247410,0,1107591,804450,93178,59041
2,169235866,169235866,170092376,0,763447,550143,13220,7470
2,135640551,135640551,136398121,0,414310,293632,195970,118376
2,133518011,133518011,134275582,0,1493608,1082051,43736,27024
2,6879473,6879473,7019604,0,1209199,828315,69450,37655
2,201186125,201186125,202050848,1,2261851,1630841,273668,173484
2,218358002,218358002,219222725,0,2544346,1818718,483630,310720
2,54974765,54974765,55201901,1,1571898,1119540,405886,246441
2,47808429,47808429,48035568,1,1536665,1083851,189927,113530
2,88857626,88857626,89157139,0,1249047,919784,125253,73338
2,224099267,224099267,224963984,0,437458,327322,97658,56233
2,85580900,85580900,85808023,0,1097918,755041,471147,305585
2,164723886,164723886,165580396,0,462318,333842,66538,45062
2,41230957,41230957,41458097,0,145646,99415,5,2
2,47813379,47813379,48040518,1,275659,204515,31381,16035
2,96254998,96254998,96920736,1,1461357,1067156,421937,269622
2,88864539,88864539,89164051,0,1702188,1233637,119999,69741
2,147896510,147896510,148654079,1,0,0,0,0
2,232761402,232761402,233626112,0,752833,524416,97714,56366
2,222202078,222202078,223066797,0,628978,435870,74999,43028
20,11117428,11117428,11098076,0,30552,18084,0,0
20,33404621,33404621,31992427,0,380154,279627,147065,104750
20,32434430,32434430,31022233,1,329277,252821,4236,2845
20,45787981,45787981,44416620,0,595653,459134,129483,91721
20,38148005,38148005,36776407,0,692123,523984,104800,74371
20,45523308,45523308,44151948,0,457093,350341,144915,109343
20,35669486,35669486,34257408,0,656025,499529,230436,162070
20,2064995,2064995,2045641,0,382229,283658,57740,41476
20,45890507,45890507,44519146,0,1085767,828688,316375,223491
20,62659731,62659731,61291083,0,604938,465566,109274,80887
20,37286240,37286240,35914643,0,969693,745774,272189,194262
20,62183044,62183044,60758100,1,466015,359747,253160,182634
20,49227076,49227076,47843613,0,367840,279666,13557,9448
20,34874134,34874134,33461937,0,1124017,855414,299586,214094
20,45886801,45886801,44515440,0,505229,398717,186712,134639
21,29056168,29056168,30428489,0,59521,44214,55013,35295
21,33721177,33721177,35093482,1,0,0,0,0
21,22586457,22586457,23958776,0,16186,11301,5,4
21,43169225,43169225,44589335,0,0,0,0,0
21,45402866,45402866,46822781,0,172850,123842,34595,23432
21,10516934,10516934,10995521,0,0,0,1,1
21,46632696,46632696,48052608,0,106786,77057,53817,34529
21,31760100,31760100,33132413,0,85769,59518,14142,8366
22,50576441,50576441,51014870,0,509306,384644,74886,52029
22,29312528,29312528,29708517,0,391581,296711,81481,54053
22,42857328,42857328,43253334,0,437713,336065,173178,117977
22,44732294,44732294,45128174,0,335276,259905,5,5
22,22899143,22899143,23241323,0,79648,57877,18392,13241
22,41172664,41172664,41568668,1,342845,266619,88082,57299
22,23834140,23834140,24176327,1,208985,161667,0,0
22,50506762,50506762,50945191,0,425783,321964,133338,91344
22,36300210,36300210,36696256,0,519566,392280,89958,59455
22,37847737,37847737,38243744,0,331240,250160,103169,71258
22,43934663,43934663,44330543,0,310186,239413,35041,25257
22,34294238,34294238,34690228,0,32562,25701,12787,6728
22,17909272,17909272,18392038,0,357348,275784,11768,8461
22,34572167,34572167,34968159,0,10847,6866,3,2
22,29604114,29604114,30000103,1,542344,407079,145040,99944
22,41130005,41130033,41526009,1,234486,175098,68769,44212
22,29312540,29312540,29708529,0,391581,296711,81481,54053
22,29636748,29636754,30032737,1,557445,417343,75570,51448
22,28703503,28703503,29099491,1,64567,50692,9421,6070
22,17778822,17778822,18261588,0,450396,341187,55913,38252
22,28703567,28703567,29099555,1,118043,92452,9421,6070
22,31618339,31618339,32014325,0,299263,230702,98832,66711
3,14493764,14493764,14535272,0,1419560,1041197,42127,25347
3,78083001,78083001,78132152,0,78534,58484,0,0
3,49126541,49126541,49163974,0,537534,394898,65498,44113
3,25665333,25665333,25706824,0,1072846,801152,335100,214865
3,176421014,176421014,176138802,0,484213,364382,4,2
3,125447849,125447849,125166693,0,724382,539043,137093,79379
3,49802142,49802142,49839575,0,2110535,1532230,449894,289187
3,48644747,48644747,48682180,0,1133500,841297,391015,244864
3,106284431,106284431,106003278,0,353392,250982,22015,14079
3,187747026,187747026,187464814,0,2070885,1508676,488568,310807
3,37238470,37238470,37279961,0,420816,306471,313798,192575
3,75163787,75163787,75212938,0,397676,293822,13248,8462
3,48464980,48464980,48506379,0,2060688,1499728,383157,248843
3,79983901,79983901,80033051,0,67261,51993,88310,51442
3,174429773,174429773,174147563,0,797169,576745,86,59
3,34599782,34599782,34641274,0,547591,403109,88254,51373
3,32146692,32146692,32188184,0,402638,294720,88183,51377
3,8504264,8504264,8545950,0,1826267,1324433,212049,133945
3,180868201,180868201,180585989,0,268956,197510,12644,9039
3,8678501,8678501,8720187,0,0,0,0,0
3,9947333,9947333,9989017,0,2029760,1472818,399637,261572
3,179602697,179602697,179320485,0,552855,402651,221828,141399
3,136989524,136989524,136708366,0,1097950,794004,199640,127311
3,113286810,113286810,113005657,0,1960108,1431045,250967,156250
3,48600686,48600686,48638119,0,286321,204176,160528,107380
3,101859411,101859414,101578255,1,1520856,1126475,476451,303155
3,194136091,194136091,193853880,1,2032605,1474610,478576,305541
3,16513637,16513637,16555144,1,1415958,1054378,190476,115959
3,16512809,16512809,16554316,1,1810388,1326772,170078,99825
3,16513206,16513206,16554713,1,1738370,1283997,217220,129963
3,16513251,16513251,16554758,1,1738369,1283988,217239,129970
3,16513189,16513189,16554696,1,1738375,1283984,217221,129976
3,16513275,16513275,16554782,1,1738369,1283988,217239,129970
3,16513589,16513589,16555096,1,1367220,1027329,190476,115959
3,16513976,16513976,16555483,1,1183213,876875,151926,88887
3,194136185,194136185,193853974,1,2032636,1474474,478639,305495
3,194136183,194136183,193853972,1,2032636,1474474,478639,305494
3,101859408,101859408,101578252,1,1520856,1126475,476451,303155
3,33619601,33619601,33661093,1,137290,99934,0,0
3,52407318,52407318,52441334,1,1519452,1096436,194173,118579
3,52658317,52658317,52692333,1,965683,706570,317587,201918
3,52576699,52576699,52610715,1,267386,197206,52880,36147
3,52648443,52648443,52682459,1,341621,255219,112562,72302
3,142535079,142535079,142253921,1,804291,577306,199708,127061
3,10146638,10146638,10188322,1,474433,349747,126473,77196
3,16514185,16514185,16555692,1,1507854,1115004,173148,103838
3,16513349,16513349,16554856,1,1637694,1222592,190492,116048
3,194136172,194136172,193853961,1,2032724,1474489,478579,305453
3,194136068,194136068,193853857,1,2032593,1474577,478577,305539
3,194136241,194136241,193854030,1,2134986,1548497,478642,305489
3,194136187,194136187,193853976,1,2032636,1474474,478639,305494
3,194136124,194136124,193853913,1,2032752,1474547,478584,305534
3,178534117,178534117,178251905,0,68702,38243,1,1
3,127674584,127674584,127393427,0,320459,238548,47264,30185
3,16513768,16513768,16555275,1,1467747,1088806,143388,85854
3,186790381,186790381,186508170,0,1669267,1223649,516981,328770
3,16512933,16512933,16554440,1,1667547,1226811,170076,99797
3,16513530,16513530,16555037,1,1570447,1174007,190536,116010
3,101859442,101859453,101578286,1,1512769,1120616,483217,307539
3,101859407,101859408,101578251,1,1520856,1126475,476522,303199
3,33588732,33588732,33630224,1,814621,593878,68791,43711
3,52402675,52402675,52436691,1,1013728,755055,164976,104090
3,177038096,177038119,176755884,1,462387,335491,183430,108952
3,177038095,177038097,176755883,1,462387,335491,183430,108952
3,177038096,177038096,176755884,1,462387,335491,183430,108952
3,52615458,52615458,52649474,1,777331,571778,158195,94878
3,52564049,52564049,52598065,1,471573,348897,91227,53409
3,52668646,52668646,52702662,1,1110638,800258,353289,219252
3,52576700,52576700,52610716,1,267386,197206,52880,36147
3,30671637,30671637,30713129,1,1134382,829397,138422,85305
3,47101456,47101456,47142946,1,0,0,0,0
3,47046485,47046485,47087975,1,797310,574660,339386,214893
3,47105995,47105995,47147485,1,1210336,892358,207325,124651
3,10149786,10149786,10191470,1,905628,666497,124570,76960
3,10149778,10149789,10191462,1,905628,666497,124570,76960
3,10149780,10149791,10191464,1,905628,666497,124570,76960
3,10146512,10146512,10188196,1,676241,506490,191462,118534
3,10146637,10146637,10188321,1,474433,349747,126473,77196
3,10142188,10142188,10183872,1,1749215,1278952,553663,353391
3,16513354,16513354,16554861,1,1637671,1222497,190520,115999
3,16513122,16513141,16554629,1,1759821,1296809,217217,129964
3,16513846,16513846,16555353,1,1245799,926293,158665,93215
3,16513898,16513898,16555405,1,1245799,926293,158666,93238
3,16513897,16513897,16555404,1,1245799,926293,158666,93238
3,16513094,16513094,16554601,1,1759824,1296808,217217,129964
3,16513784,16513784,16555291,1,1467741,1088777,143386,85853
3,191399639,191399639,191117428,0,629489,455324,88316,51351
3,78671712,78671712,78720862,0,63398,50040,5,5
3,46709923,46709923,46751413,0,1813360,1329366,159828,97203
3,15049674,15049674,15091181,0,1245851,901732,396435,246068
3,5297616,5297616,5339301,0,1353917,989139,156260,92729
3,99357351,99357351,99076195,0,582897,421773,11567,6582
3,184142548,184142548,183860336,0,494312,356355,32856,19032
3,111070071,111070071,110788918,0,1837472,1349906,199777,123099
3,133938437,133938437,133657281,0,930710,671423,52781,36049
3,24667565,24667565,24709056,0,0,0,0,0
3,139741317,139741317,139460159,0,637595,466641,150712,89989
3,154325578,154325578,154043367,0,1181337,870732,243976,147457
4,73415034,73415034,74280751,1,283365,208695,80408,46756
4,73409488,73409488,74275205,1,576492,396872,80463,46773
4,186663615,186663615,187584769,1,358783,253014,28247,16487
4,530470,530470,524259,0,25,12,8,4
4,186636236,186636236,187557390,1,0,0,25368,16930
4,135499296,135499296,136420451,0,1,1,0,0
4,105237242,105237242,106158399,0,254525,175472,113920,64707
4,152330730,152330730,153251882,1,1,1,40196,26545
4,49190348,49190348,49192365,0,0,0,0,0
4,55100632,55100632,55966799,0,535830,378570,13708,9143
4,60743777,60743777,61609495,0,93869,61103,0,0
4,152350041,152350041,153271193,1,132310,97941,65611,43546
4,73412127,73412127,74277844,1,534839,371410,6003,4487
4,169599202,169599202,170520353,0,496519,338582,120804,69520
4,152330869,152330869,153252021,1,1,1,40196,26545
4,95894093,95894093,96815244,0,2,2,99874,59201
4,73418087,73418087,74283804,1,809358,574085,80473,46666
4,781881,781881,775669,1,938554,667742,297964,184016
4,25159044,25159044,25160666,0,400310,293878,141308,84272
4,94575788,94575788,95496939,0,628729,442463,40190,26581
4,184418215,184418215,185339369,1,364727,257772,120769,77592
4,158123542,158123542,159044694,0,151537,108371,86271,50394
4,85301012,85301012,86222165,0,109086,69317,77726,44452
4,781911,781930,775699,1,915137,651473,297962,184013
4,781914,781926,775702,1,915137,651473,297962,184013
4,781922,781922,775710,1,915137,651473,297968,184010
4,781910,781910,775698,1,915137,651473,297962,184013
4,8374797,8374797,8376524,0,397308,282962,12394,6786
4,88584591,88584591,89505742,0,1038204,730646,171371,104291
4,40795890,40795890,40797907,0,408388,286000,74357,42209
4,42737414,42737414,42739431,0,412600,280201,112329,66041
4,34686443,34686443,34688065,0,126705,82917,0,0
4,108396501,108396501,109317657,0,392306,263491,5,4
4,781923,781923,775711,1,915137,651473,297968,184010
4,781917,781917,775705,1,915137,651473,297962,184013
4,135255423,135255423,136176578,0,39530,30405,5,3
4,781869,781869,775657,1,938554,667742,297955,184004
5,87383711,87383711,86679528,1,1480806,1057085,216818,135290
5,178766070,178766070,178193071,0,525771,372066,106944,74238
5,136063763,136063763,135399452,0,1795838,1293289,254516,163427
5,80744505,80744505,80040324,1,105193,71678,57558,39794
5,52400773,52400773,51696607,0,293696,207034,1,1
5,23948898,23948898,23949007,0,332039,243113,3,3
5,1295028,1295028,1295143,1,309986,242949,154249,91552
5,161290822,161290822,160717829,0,0,0,1,1
5,24897591,24897591,24897700,0,206029,138878,5,4
5,139296812,139296812,138632501,0,829243,591538,445310,286512
5,8618382,8618382,8618494,0,73605,43167,0,0
5,80654888,80654888,79950707,0,1457996,1058533,443194,284726
5,100662527,100662527,99998231,0,599434,427343,125673,79017
5,1295018,1295018,1295133,1,410971,310254,186240,111239
5,159128531,159128531,158555539,0,772239,569934,107809,66247
5,1295135,1295135,1295250,1,310013,242920,161359,96468
5,159084179,159084179,158511187,0,411385,306210,36333,23796
5,1295244,1295244,1295359,1,157114,129778,139780,85071
5,1295168,1295168,1295283,1,190663,153634,161405,96564
5,1295132,1295132,1295247,1,310013,242920,161359,96468
5,1295090,1295090,1295205,1,310012,242917,154245,91550
5,1295046,1295046,1295161,1,310012,242917,154249,91552
5,1295113,1295113,1295228,1,310013,242920,161359,96468
5,1295127,1295127,1295242,1,310013,242920,161359,96468
5,56164106,56164106,55459933,0,902758,647347,142261,93004
5,1295190,1295190,1295305,1,190663,153634,161410,96567
5,117708155,117708155,117043850,0,262950,181906,1,1
5,87346671,87346671,86642488,1,251844,189988,22987,12305
5,168721416,168721416,168148421,0,1184666,850281,7,6
5,154814773,154814773,154194333,0,1087789,772072,111000,70792
5,150450159,150450159,149829722,0,1924141,1384187,477514,308316
5,113104356,113104356,112440053,1,490858,349846,57565,39835
5,132489391,132489391,131825083,1,1856728,1337315,473188,305095
5,68295418,68295418,67591246,1,999994,708651,219158,135756
5,68293707,68293707,67589535,1,1000201,715845,168913,104015
5,179383524,179383524,178810525,0,451414,324174,89690,50441
5,46034688,46034688,46034790,0,100881,67294,0,0
5,148382004,148382004,147761567,0,1198150,875404,42512,27540
5,94569445,94569445,93905150,0,1,1,0,0
5,144158927,144158927,143538491,0,819266,581579,137770,93952
5,159496972,159496972,158923980,0,896607,638344,57572,39838
5,163962485,163962485,163389491,0,337215,246154,68260,39145
5,45100002,45100002,45100104,0,388102,273093,3,2
5,134150192,134150192,133485883,0,1834811,1326503,341392,219170
5,2748992,2748992,2749106,0,285055,206938,157979,104661
5,68295147,68295147,67590975,1,479051,329841,143035,83679
5,77212867,77212867,76508692,0,1131683,810773,113989,67005
5,140672776,140672776,140052361,0,748851,528678,337248,220833
5,1032158,1032158,1032273,0,984153,713588,27530,15984
5,134140715,134140715,133476406,0,1922777,1383987,392412,258685
5,163500467,163500467,162927473,0,690907,511728,176178,113874
5,112819345,112819345,112155042,1,1083286,803635,112059,67668
5,53286995,53286995,52582825,0,132430,95268,0,0
5,163680809,163680809,163107815,0,807816,583543,127919,80139
5,66076409,66076409,65372237,1,1,1,1,1
5,1295034,1295034,1295149,1,309999,242911,154249,91552
5,1295211,1295211,1295326,1,190663,153634,161410,96567
5,112827248,112827248,112162945,1,582307,431830,21616,11448
5,1295057,1295057,1295172,1,310012,242917,154245,91550
5,1295138,1295138,1295253,1,310009,242936,161359,96468
5,83591268,83591268,82887087,0,402302,288504,1,1
5,140710434,140710434,140090019,0,1610960,1173950,479279,309053
5,112792445,112792445,112128142,1,1059022,778377,168507,103893
6,151703337,151703337,152024472,1,964534,689142,192235,120107
6,86638164,86638164,87347882,0,312817,210762,0,0
6,17134893,17134893,17135124,0,192313,142649,8,4
6,53161598,53161598,53026396,0,1397674,1010702,167125,108676
6,112349980,112349980,112671182,0,568286,411994,1,1
6,38923175,38923175,38890951,0,406949,295194,2,2
6,135193869,135193869,135515007,0,675963,480137,93298,60236
6,71885269,71885269,72594972,0,273007,187777,0,0
6,137871524,137871524,138192661,1,1654180,1198922,322858,213198
6,35452794,35452794,35420571,1,1716421,1244606,573665,388421
6,52577347,52577347,52442145,1,1777452,1278752,539105,362227
6,31631918,31631918,31599695,0,361801,253933,194979,129419
6,35772178,35772178,35739955,0,766302,546694,83764,56480
6,75267639,75267639,75977355,1,1757867,1269075,310562,216283
6,41241856,41241856,41209594,0,640055,471832,45723,28889
6,33321568,33321568,33289345,1,1355830,984200,526831,354925
6,167201741,167201741,167615229,0,234955,160120,3,2
6,10398530,10398530,10398763,0,590942,420941,88701,62222
6,103005036,103005036,103452911,0,19537,12596,1,1
6,53923135,53923135,53787933,0,648704,471651,42701,26628
6,37122200,37122200,37089976,0,1028414,739283,368708,244817
6,67173177,67173177,67883070,0,218280,153722,78556,46490
6,30917140,30917140,30884917,0,1852163,1331983,361294,247459
6,148483490,148483490,148804626,0,338104,234909,78374,46260
6,43302723,43302723,43270461,0,834563,591539,197346,123840
6,29181117,29181117,29148894,0,410933,284589,78409,46363
6,137875807,137875807,138196944,0,1368224,980417,170360,109442
6,81456280,81456280,82165997,0,450628,340761,15747,11583
6,92080010,92080010,92789728,0,118807,88221,5,4
6,52577237,52577237,52442035,1,1821657,1308804,549694,369359
6,31687074,31687074,31654851,0,1444862,1050456,293961,204243
6,125805986,125805986,126127132,0,1071244,770616,177813,116939
6,146584613,146584613,146905749,0,336998,241794,5112,3570
6,19211618,19211618,19211849,0,1153820,840580,78529,46426
6,32028824,32028824,31996601,0,33473,20678,48284,34913
7,6796649,6796649,6836280,0,0,0,2,1
7,87237043,87237043,86866359,1,1295802,936951,96911,59604
7,87237046,87237046,86866362,1,1295802,936951,96911,59604
7,87237074,87237074,86866390,1,1201222,858005,96911,59604
7,87237079,87237079,86866395,1,1201176,858001,96911,59604
7,101212938,101212938,100856219,0,1322347,964602,205597,126312
7,87237055,87237055,86866371,1,1295803,936952,96911,59604
7,87237054,87237054,86866370,1,1295803,936952,96911,59604
7,87237066,87237066,86866382,1,1201226,858003,96911,59604
7,76506083,76506083,76135400,0,145599,113670,47296,32390
7,5978697,5978697,6018328,1,470040,337721,41518,24805
7,148809156,148809156,148506248,1,600746,425066,170343,104224
7,87237067,87237067,86866383,1,1201226,858003,96911,59604
7,31651780,31651780,31691394,0,1087350,797959,2,2
7,87237056,87237056,86866372,1,1295803,936952,96911,59604
7,153436754,153436754,153133839,0,97247,67612,15277,9651
7,23545543,23545543,23585162,0,1703785,1231792,193079,121209
7,44106881,44106881,44146480,0,790446,576055,186173,112802
7,100101743,100101743,99699366,0,1650218,1196616,414830,261942
7,100122978,100122978,99720601,0,1298870,947462,361840,227681
7,84744234,84744234,84373550,0,284318,203490,18,11
7,100091464,100091464,99689087,0,746877,547111,400478,253261
7,69266593,69266593,68731580,0,97280,67565,1,1
7,87237068,87237068,86866384,1,1201226,858003,96911,59604
7,39693856,39693856,39733455,0,0,0,0,0
7,128028195,128028195,127668248,0,1095903,805206,98091,56321
7,102466103,102466103,102106550,0,1339783,982333,239236,151743
7,111707538,111707538,111347594,0,536027,390353,57553,32125
7,29513751,29513751,29553367,0,130001,90131,24418,16652
7,2079696,2079696,2119331,1,516769,367267,77455,45979
7,117898125,117898125,117538179,0,362274,257214,57523,32098
7,15834550,15834550,15874175,0,97343,67618,1,1
7,143885068,143885068,143582161,0,1323988,982846,285248,180101
7,150397775,150397775,150094863,0,682311,490214,19091,13094
7,93135631,93135631,92764944,0,629218,449178,81818,48668
7,152179833,152179833,151876918,1,405462,293175,47112,28226
7,127591309,127591309,127231363,0,814508,601086,135350,86412
7,97281499,97281499,96910811,0,275453,205459,57506,32160
7,144913730,144913730,144610823,0,106930,79547,15227,9603
7,48776782,48776782,48816378,0,0,0,0,0
8,31096851,31096851,30954367,1,499416,378671,1,1
8,96261781,96261781,97274009,1,890626,668449,287143,185801
8,143813625,143813625,144895795,0,791954,567805,209507,135892
8,143598373,143598373,144680543,0,1039468,778726,286440,188511
8,115046008,115046008,116058237,0,7,4,0,0
8,43087823,43087823,42942966,0,791423,579058,87955,51483
8,135783764,135783764,136796007,0,234242,174632,5,3
8,23320028,23320028,23177541,0,1250411,925306,19602,10776
8,23123138,23123138,22980651,0,745072,561835,47891,30196
8,131331033,131331033,132343280,0,128521,99774,0,0
8,135916049,135916049,136928292,0,402193,300948,3,3
8,76854948,76854948,77767184,0,249033,179544,28575,19447
8,28717126,28717126,28574643,0,975693,718367,3,2
8,29275051,29275051,29132568,0,1243038,911391,206307,131782
8,118843213,118843213,119855452,0,385976,290373,110863,75181
8,75907077,75907077,76819312,0,259694,188395,3,3
8,75866373,75866373,76778608,0,128509,99579,0,0
8,72049164,72049164,72961399,0,0,0,0,0
8,6956801,6956801,6814323,0,0,0,0,0
8,96261772,96261772,97274000,1,890626,668449,287140,185798
8,127027394,127027394,128039639,0,1,1,0,0
8,89946296,89946296,90958524,1,948156,695244,160943,107712
8,72047157,72047157,72959392,0,0,0,43436,29763
8,96261760,96261760,97273988,1,890626,668449,287134,185791
8,117614071,117614071,118626310,0,262177,189506,1,1
8,96261974,96261974,97274202,1,850087,638486,282719,182911
8,96261772,96261781,97274000,1,890626,668449,287140,185798
8,140239663,140239663,141249762,0,808140,603356,4,4
8,89947823,89947823,90960051,1,637405,472731,102840,62564
9,35657962,35657966,35657959,1,1340663,978269,341028,221045
9,35658066,35658066,35658063,1,1352021,984803,341008,221082
9,35657966,35657970,35657963,1,1340663,978269,341028,221045
9,37744728,37744728,37744725,0,775807,561226,50024,32820
9,35658002,35658002,35657999,1,1340695,978250,341006,221079
9,24540063,24540063,24540061,0,1,1,0,0
9,35658055,35658058,35658052,1,1352021,984806,341008,221082
9,35135683,35135683,35135680,0,1077894,781310,92460,62999
9,122517871,122517871,125280150,0,581713,422367,30522,19845
9,35658017,35658022,35658014,1,1340681,978228,341007,221081
9,35658020,35658020,35658017,1,1340681,978228,341007,221081
9,35658044,35658044,35658041,1,1352021,984806,340998,221069
9,70862992,70862992,73477908,0,437832,316349,3,2
9,35658047,35658047,35658044,1,1352021,984806,340998,221069
9,35664688,35664688,35664685,0,1340470,977868,339231,220117
9,35658070,35658070,35658067,1,1352022,984805,341008,221082
9,35658045,35658045,35658042,1,1352021,984806,340998,221069
9,35658046,35658046,35658043,1,1352021,984806,340998,221069
9,5897517,5897517,5897517,0,1060630,771217,29802,20478
9,35658036,35658036,35658033,1,1340682,978245,341007,221081
9,128262610,128262610,131024889,0,1017290,751960,238480,155551
9,35658043,35658043,35658040,1,1352021,984806,340998,221069
9,35658040,35658040,35658037,1,1340668,978263,341001,221069
9,4118458,4118458,4118458,0,804608,598732,0,0
9,4118521,4118521,4118521,0,809799,601775,0,0
9,4661989,4661989,4661989,0,1061012,773693,240753,155728
9,136495700,136495700,139390152,1,656583,483463,66606,43572
9,136499260,136499260,139393712,1,770478,558550,2,2
9,100656817,100656817,103419099,0,143655,101515,16449,11072
9,136501915,136501915,139396367,1,461203,333439,1,1
9,132921974,132921974,135797361,1,1035514,755110,132183,82947
9,21994137,21994137,21994136,1,1024899,758083,174491,112107
9,21968243,21968243,21968242,1,806695,602372,79914,51124
9,21971209,21971209,21971208,1,757323,577060,104725,64766
9,136515402,136515402,139409854,1,1,1,16489,11020
9,21971210,21971210,21971209,1,757323,577060,104725,64766
9,132927305,132927305,135802692,1,982733,714775,67760,44168
9,132902788,132902788,135778175,1,1333167,972332,156094,99815
9,21968244,21968244,21968243,1,806695,602372,79914,51124
9,35657811,35657812,35657808,1,1340617,978225,341062,221097
9,35658063,35658065,35658060,1,1352021,984803,341008,221082
9,35657930,35657930,35657927,1,1340663,978270,341038,221051
9,137240238,137240238,140134690,0,1267899,927883,351226,227822
9,35657884,35657884,35657881,1,1340640,978197,341054,221090
9,1582636,1582636,1582636,0,155848,113772,0,0
9,35657786,35657786,35657783,1,1340504,978133,341058,221094
9,35657842,35657842,35657839,1,1340621,978230,341063,221094
9,61193766,61193766,43627017,0,0,0,0,0
9,137876437,137876437,140770889,0,193731,142516,12,9
9,99096085,99096085,101858367,0,632553,461626,118315,73851
9,35658035,35658035,35658032,1,1340682,978236,341007,221081
9,35658061,35658061,35658058,1,1352021,984803,341008,221082
9,35658082,35658082,35658079,1,1352003,984799,341014,221088
9,94955944,94955944,97718226,0,122786,83864,37196,23439
9,35658072,35658072,35658069,1,1352013,984808,341008,221082
9,35657772,35657772,35657769,1,1340507,978124,341043,221070
9,35658034,35658037,35658031,1,1340682,978236,341007,221081
Un_KI270742v1,77588,77588,142858610,0,0,0,0,0
X,20138624,20138624,20156742,1,208663,134943,2,2
X,134393635,134393635,133527665,1,311702,207502,9531,6038
X,41344130,41344130,41203383,1,46016,31442,22830,14042
X,41337467,41337467,41196720,1,178164,117868,58055,35787
X,41347311,41347311,41206564,1,78589,48009,56337,35471
X,45107408,45107408,44966653,1,3,2,14,7
X,101356185,101356185,100611173,0,132746,81893,18584,11872
X,45110078,45110078,44969323,1,4,1,0,0
X,80258592,80258592,79514091,0,43763,28050,4,2
X,15809198,15809198,15827321,1,264355,167059,9830,5305
X,77558847,77558847,76814318,1,6,5,3,2
X,77589832,77589832,76845302,1,50188,27237,5,4
X,82930980,82930980,82185988,0,84098,52580,1,1
X,153444818,153444818,152710276,0,233953,150243,3,3
X,126699717,126699717,125833700,0,1,1,1,1
X,153740721,153740721,153006175,0,151196,92375,5709,3224
X,128775992,128775992,127909970,0,1,1,0,0
X,125536996,125536996,124670845,0,50134,27139,1,1
X,134393954,134393954,133527984,1,255455,171086,9522,6031
X,143836358,143836358,142919453,0,48951,31048,1,1
X,149414881,149414881,148496412,0,1,1,0,0
X,129700713,129700713,128834690,0,200337,131550,6,4
X,77654201,77654201,76909691,1,19181,13598,2,2
X,64047147,64047147,63267027,0,98499,64440,0,0
X,49075575,49075575,48933234,0,137855,90446,7072,5186
X,142483953,142483953,141571739,0,1,1,1,1
X,109743024,109743024,108986253,0,54787,35301,11544,7284
X,47181867,47181867,47041266,1,189829,118419,33809,21719
X,56485063,56485063,56511496,0,4,4,1,1
X,45090865,45090865,44950110,1,94229,55575,0,0
X,88926905,88926905,88181906,0,135679,81130,2,2
X,41345549,41345549,41204802,1,43815,28172,34464,21557
X,146917946,146917946,145999464,0,62,47,2,2
X,56270129,56270129,56296562,0,103087,65128,2,2
X,11763517,11763517,11781636,0,294254,189415,7836,4980
X,112747968,112747968,111991196,0,36483,22794,0,0
X,102603530,102603530,101858458,0,94438,64488,12787,7600
X,54527681,54527681,54554114,0,110684,65841,11983,7685
X,75622499,75622499,74842334,0,0,0,0,0
X,50192749,50192749,49957400,0,145255,92787,1,1
X,73034552,73034552,72254391,0,4,2,0,0
X,45107409,45107409,44966654,1,3,2,14,7
